x1,x2,x3,y
0.502994591104645,-1.0,-0.8263120170583014,-11.715296463257106
-0.7543140052052537,0.7260590952316119,1.0,7.910836579781686
0.5489105610134835,-0.1684738577164988,-0.2960178430485183,1.5802260739820013
-0.3228368564120474,-0.1878350203897503,0.919472856108958,-0.23266510035018015
-0.01649843911592974,1.0,-0.9720331410571064,6.086597767223897
1.0,-0.6251408495558974,0.3699338657752096,3.3456697733521237
1.0,1.0,0.12590426359623064,13.517429813554863
-0.23739204603767994,0.43123688739770927,-0.12709638854771543,-0.6108612178266197
-1.0,-0.218574064349359,-1.0,8.223870222936155
-0.2772008979299616,-1.0,0.7930583681798689,-0.6543188334054653
0.6906476511168864,-0.33917728353876586,0.8370753390201522,0.38934147536360936
-0.5500585208024562,0.8116411710372811,-0.3776670002896174,-0.7992017466161923
-0.47687013460121763,-1.0,-0.44112806872253474,1.828608199723756
-1.0,0.6875052487600684,-0.1469822646717287,0.24823271015273574
-0.08116334948064252,1.0,-1.0,3.7430557883032733
0.30760414513694667,-0.06702728099854638,-0.322191444275268,0.7015637854525137
1.0,-0.6092739287704585,0.0639014163923819,2.6547920950431587
-0.16316946162561696,0.33180037563157927,0.0737079428417513,0.9215970239642253
-0.9911176228385741,-0.11088253058885034,1.0,3.730240660255515
-0.7371690733623943,-0.21749802089806902,0.2550010645302392,-1.2759678359929345
0.7037174016918568,-0.6924975723669311,1.0,-3.30697388252091
-0.03760430723788044,0.3948364482743232,-0.12416413085102729,0.10176610341060095
0.6851287969992061,-0.9675490169239862,0.70024065929465,-1.6351841208999185
-0.8178249771829593,0.6396179259861343,-0.08185934354587943,-1.961267360531529
-1.0,1.0,0.8572792025166824,5.34395320554783
-0.1935086396840171,0.31722506098086645,0.77608481627834,0.6262553948952235
0.1757037149376799,-1.0,-0.4014470261170211,0.7978539640427013
-0.009630534844628835,-0.16102591216206985,1.0,-0.24960181565842335
-0.13560952847470564,0.2521297094799897,0.20354397493041354,-0.1659330509207984
0.16229718143739613,-0.4246048303566412,-0.6077977176811824,1.9526171322657846
-0.1584339335535183,1.0,-0.5794087256930538,9.582518348330472
-0.5569293161480007,-1.0,-0.013233298935341864,4.26136994462146
-1.0,-0.06542288397313567,0.7228340159920608,-1.9757662760924244
1.0,-1.0,-1.0,-29.40911207926868
0.030736032792602508,-0.2868928529445596,1.0,-0.36568712805929826
-0.27536090014562165,-0.35124381679266614,-1.0,-3.1207415112745474
-0.006148919610722503,-0.7876745721154679,1.0,-3.406435963840267
-0.30580829747368443,-0.1839298474745641,-1.0,-3.1529936015873066
0.20376408047632966,-0.753711571049883,0.02523156203164101,2.0756675692428854
-0.4321268597445118,0.2473062617336852,-0.35762614203228194,-0.6571065625606679
-0.2929303103101655,-0.6299166224406949,-0.2063600888733379,1.6140666016116274
-0.2578931881195108,-1.0,-1.0,-15.690059471859541
-0.11657291283066185,-0.18125703616808853,0.24292122073245448,0.8741211070026694
0.6667995313484443,0.5135282730840662,0.10522575845475846,1.5787739879957632
-1.0,0.6736858958420839,0.2060229620202041,-2.5939830276127527
-1.0,0.323414975345965,0.3984815635774359,-5.171062033778102
0.7413519627825005,1.0,0.5921867500917479,8.084102596034137
0.31993126389079674,-0.2382718663054686,1.0,-1.480573652639297
-0.7855553160239517,-1.0,0.6020507335606076,6.5471993755886215
-0.3912053688185335,0.6188697566606363,-0.4419715795001571,-0.10958385047409702
-0.8753843108808494,-0.17565389121466524,1.0,3.9822287213425396
1.0,0.03749431831406813,-0.13063152389795274,4.382111276241769
-1.0,0.24044208378497567,-0.06584021697884435,-4.244721298644795
0.3209116278778503,-0.06486302926570464,-0.42164776383355074,0.937037229096542
-0.8628258493715388,0.5097619041875472,-0.10978883350117608,-2.6942043845237484
0.021615172247057668,-1.0,-0.7348226492501293,-4.777311272025978
0.14300771575762639,1.0,-0.14554945149633092,9.394701444652071
-1.0,-0.06083081574040361,1.0,3.8127359486151713
-0.19382773503248463,-0.7966214660839073,-1.0,-9.186224317370076
-0.28644449368789604,0.15022419313645896,0.2684737764244791,0.14963808268987627
-1.0,-0.4781793495765285,0.6809289383786108,1.817627943321171
0.7846050618502081,-0.3729422822677726,-0.4309965425760096,2.293061918815437
0.4489030563844352,-1.0,-0.1667611735536647,-0.4692494757233585
0.016489788213575274,1.0,0.013265761669724263,7.581239510379459
-0.5334448326976271,-0.632992852930035,-0.42741539851589017,2.250947539178521
-0.16382023385234312,1.0,0.9457488997534023,12.547828847585109
0.40118722532889395,-0.36909627760915753,-1.0,-5.377864708391396
0.377682252560382,-0.14414137541866134,-0.28137393476575423,0.9862491632912471
-0.38519959178980945,0.01594723087242822,-1.0,-1.3081636025152872
-0.0006428387358323739,0.2114991965138857,-0.7405230319734253,0.7140739163587853
1.0,-0.19308515633765566,0.27673470505826003,4.4749365700051
-0.8508699601770779,1.0,0.2757216978887358,2.665864966368942
0.9158663765652904,0.5254850679028376,-0.7957038844411084,5.101812052920897
-1.0,-1.0,-0.5464239810941582,4.037363338674491
0.5848226937914691,0.21406963885049768,0.8826332761260367,1.2838205712132063
-0.8649581761353049,-0.7961706931334209,0.9610134806505324,7.854325520638815
-1.0,0.05780470017316741,0.45541483053211174,-4.349685810599735
0.5156229169159188,0.7827287194034636,-0.9380854272840093,-0.2702081786273327
0.533118072125742,-0.6698766151515836,1.0,-3.2286189800928184
0.12128565666302182,0.20954378340437785,-1.0,-3.0002186195622933
-0.19694208419556802,-1.0,1.0,-5.972908114209922
-0.12401310411132682,0.23692082150165272,-0.05813291459044434,0.023817507522795267
0.728502169445123,1.0,1.0,12.300149795482183
1.0,-1.0,-1.0,-29.093146052745
0.1442162254679651,-0.5917878674636037,-0.8881904356926078,-2.3398865842219223
0.4351665979912842,-0.3325002112147737,-0.28397458022359,1.5173808328925622
-1.0,-0.45480273420373996,-0.5940622624289587,0.2924399039235046
-0.01945636972880571,-0.15853534730190244,-0.4109617655936446,0.486338797424327
-1.0,-0.8338795118676354,0.06313999625489086,3.8655117869697015
0.6168657589931832,0.3800168874314034,-1.0,-1.6156518038864607
-0.018972256227707263,-1.0,-0.8071645666660963,-7.846231799180801
-0.11053451758386834,-0.256922073107416,1.0,-0.7546813926358327
1.0,-0.19276890668930768,0.33264301169240196,4.504362082282518
-0.1697201372116277,-0.017555900218575227,0.424791278933383,0.04737923619602419
0.8422883001173196,0.14857055890225768,-0.2992751796877293,2.4301826886053344
-1.0,-0.07652359539415277,0.8238832264788167,-0.6944345409728183
1.0,-0.4436303989173287,-0.661390367754312,6.2756318315746515
0.05418734041448059,-0.928141557742044,0.2158252131476477,2.310769237549612
-0.07174231750946469,0.8339619162682352,-0.7731687161940051,0.6020440196850262
0.00966229857305101,-0.38746362508775056,0.6557323069923364,0.05436281075484936
-1.0,0.7030125022552713,0.43940452899521376,-2.2497865651281597
-1.0,-0.16599371363169557,-0.9664344393982844,8.414458648952705
0.6998053422102624,0.06665067072810205,-0.37008357485556154,0.9790128080257248
0.4407231112481298,-1.0,-0.23550128667362458,-0.2882003151441297
0.6394970092500265,-0.24573438530356584,0.3851671878696108,1.4441516134220058
-0.3191273400657044,-0.47104483341999814,0.8192006866575989,0.45453022774531404
0.3720459704381782,0.13586721771477195,0.7216336528076726,0.35713993532530236
-0.25738084083156276,-1.0,0.8438632580382592,-2.4267859500163613
-1.0,-0.7141282352395442,-0.6588908556869744,1.8749068695816553
-0.31899990125527533,0.9885324991555828,-0.4815377958763558,6.384099327433932
-0.6555314531256584,0.5336366747780572,-1.0,-0.4887936192553789
0.6866974682195228,-0.6577615439285505,1.0,-2.89279719551232
-1.0,0.3265643826731386,0.17864162915383308,-4.731493841992701
0.4575539491023135,-0.5480563572635615,-1.0,-7.1710642179386594
-0.36299321958592157,0.8919946735306368,0.2664721025371526,2.2586892598624106
-0.5028827442122694,0.4844498179656287,-0.04366640187738935,-1.7445413032231387
-1.0,-0.6324329104879136,-1.0,5.616004476951056
-0.3865346569368957,0.7885860689639372,-1.0,-3.5802888222638085
-0.2176897946258023,-0.3649096559573397,-0.9671593782840664,-3.300005698444146
-0.2739773807997856,0.6319536661230696,-0.8990718552137871,-2.494125619700368
0.10873533434358107,-0.2668460748026016,-0.7752575943727384,-0.5776288710757567
-0.05937434692272503,-0.29745222294830365,-0.14643431438741206,1.296520016307035
0.13097689927557798,0.06331373398413631,1.0,-1.084488513987671
-0.9851033714917552,-0.3511914851770037,-1.0,7.198190518581619
-0.6494398116131612,1.0,0.11834723809603975,4.20019588965507
-0.6764816114098415,-0.7725820123553588,0.86632662028575,3.350363533897278
-1.0,0.8078345789466554,1.0,12.010433707218326
-0.3738091357521063,1.0,0.3824018851277582,6.833190184402359
-1.0,0.6253886315719832,0.3116381954780578,-4.080258514856298
0.41818501311881295,0.20113194466323336,0.1629596945522478,1.6691348662399412
1.0,0.027039607395751508,0.04368429348634528,4.524444945295793
1.0,0.5779129626296158,0.5988773558036693,11.095132425490142
0.07011348739127166,-1.0,0.46888138126338075,0.9821577899291055
-0.36184770829508106,0.7787130640006599,0.8586026558808479,4.612524260367571
0.3932366668678364,0.11879914395975777,0.10361512201957379,1.187347590681541
-0.7626314092265261,-0.17798934362580066,-0.9950777356290252,3.2152043630803937
-0.14659278444854595,-1.0,-0.5249418304272695,-0.26699688986922643
0.9352828700991556,-0.8539440790940558,0.2527881287396976,0.29226081888263156
0.32167537059486984,1.0,-0.3019223469399066,8.950038483146098
-0.4934147457863569,-0.6079142131049227,-0.19752793318029283,1.9656820710995322
0.1594879147012822,0.540794692870664,0.6373613297777705,0.7361687050328408
0.28697950304586595,0.4721982855988949,0.8883502610726399,1.483695759658418
-1.0,-1.0,1.0,21.962417669805674
-1.0,-0.014528453982703304,0.9221267072557287,1.174348926074745
-0.2694986305118843,-0.9347270935964358,0.875263744193304,-2.1537453867437355
-0.18462814049503096,1.0,1.0,14.221201292086564
1.0,-1.0,1.0,-9.957484443411033
-1.0,-0.2264719217224631,0.6623944838937188,-0.9052142828788254
0.6757437512949513,0.03664676213483342,-0.6664663753029152,1.1440877069555087
-1.0,-0.6907314791496997,0.607508762553246,5.0482053316714675
1.0,-0.24827164694657866,0.3432122600439804,5.583231035307619
0.8764269098183048,1.0,0.2591186930387448,8.645958815107146
-0.683385072823558,0.8744542086850453,0.4530330664575113,0.3743837589797297
0.4182024442764962,-0.35349166279876076,-0.6738101886831411,0.4797981440293915
-0.633964485212974,1.0,-0.20315185086597687,5.00173532402266
0.013113601589763269,-1.0,-0.32455756284087256,1.4602687908301069
1.0,-0.2039964744962659,0.19380669035448084,3.465316486233343
-0.5142639755374663,1.0,0.2119650364303789,4.807365594658977
-0.29358151571691926,-0.3160395888581564,1.0,0.06168113015098314
0.1573820626251079,-0.554839414722174,-0.6803892116576347,-0.344344264789366
-1.0,-0.00477482227942172,-0.901469563460094,5.6233639814672465
0.45915297852312853,0.3917624857059989,-0.20937027542471798,0.44973248482432315
-0.5600191119877145,1.0,0.12628282064099228,5.848256855709087
0.8586922703885143,-0.5048045941588482,-1.0,-3.4134066609691973
0.6364494504988121,-1.0,0.7548721625471067,-2.1134059243807863
0.6797551870433729,0.1417075862307109,-0.17682576369168168,1.4155020330319155
-0.6054521535832218,-1.0,-1.0,-9.601760958871846
0.30150933279496095,0.14812221083140376,-0.32897466567006695,0.6817135566414344
0.30606475222918794,-0.43083038459950784,0.9515514645694889,-2.100556340548587
0.8632391015332659,-0.798064262860924,-0.5311493477646758,0.29398972760763764
-0.07076491369519577,1.0,0.556850678651506,8.034792624384576
1.0,-1.0,-0.3108406381112345,-8.923267496659077
1.0,-0.4354287011497995,1.0,5.090302288039323
0.16327906427265715,0.19654587179533767,1.0,1.3576577684007147
-0.22895239591486893,0.33875438002585057,0.898014620181776,0.5400299308419707
-1.0,-0.6426768409430663,-0.27675865365431207,-0.2608461623981946
-0.7791304568632949,1.0,1.0,15.870189865337647
-0.33529882059947447,-0.999800375429893,0.2915645240654954,2.929371265185319
-0.07286610249285519,-0.2528130859191964,0.626040176934803,0.45865094659080047
1.0,-0.4100518600416925,-1.0,3.016022190167592
1.0,-0.49228327523573934,-0.2676168430163599,3.888210708411225
1.0,0.9166325147124541,-0.16479645502072393,11.669817405526388
-0.18220120168755605,-0.9506790834538124,-0.40901867895395805,1.354219414322778
0.03833385428912117,0.9148251825817859,0.2993611252056563,3.9582987031722343
1.0,0.1389325971210953,1.0,15.428222859630868
-0.4816730160341387,0.4522168338088097,-0.8552540243967655,-2.9396565609152656
1.0,1.0,-0.5299485431300062,20.78653550710178
-0.0905265409889342,-0.8234962713318468,-0.31574064506368127,1.7916843201167572
-0.9558322015578018,0.20226395556218457,-0.7699965785971299,2.923413242668211
-0.05628228052278539,-1.0,-0.9613364102872937,-13.833143796956833
0.6858005841637278,-0.712179873737429,0.14169815892765603,0.9996636948602104
-0.8726074848776642,-0.12197163609759998,0.25208390970185346,-1.1530040955217755
0.6949597772920313,-0.3750065288472877,0.43446797038678797,1.0255313707576623
-1.0,-0.7090186819599031,0.5988897464538525,6.317592942631446
-0.9596057859887066,0.6272557311605436,-0.1894619266085935,-1.1872531606224184
1.0,-0.006063997306473112,-0.771267606965605,6.593558400288976
1.0,0.3186962433310774,-1.0,10.769707740066334
-0.12385620275342601,0.283849436041856,0.813771457614872,-0.24139814794053327
1.0,-0.9565892216460603,0.16466667058783346,-3.941083986952071
-0.5170518482847306,-0.5707504618423263,0.18101667524609133,-0.15754727987808848
-0.5054637800682498,-0.7751999007270027,1.0,0.7924714116607798
-0.059281462741231694,-0.33652147375416064,0.23382043267250974,-0.4797541018692395
-0.4706473007474612,-0.8277956308588159,0.7166102355915829,2.0524465741902835
-0.7634312303150845,-0.44261179130999806,0.02484817001402173,0.45134674428486865
0.23862272926074746,0.7180567239156468,-0.4063992059454433,1.9183246315589568
0.10002111979535289,-0.7207152286994791,-1.0,-8.97169433856731
0.1350855623966205,-0.6060737009061168,-0.11990337583644695,1.921388236602751
0.14838671263783132,-0.3258948853843493,-0.5788725722246315,1.3713320683503376
-0.06147225928696898,0.5938817290398362,-0.7951511637737241,-1.0784834144947903
0.10412367235909681,0.38872790234022303,-0.02449750247992455,0.6627694515290761
1.0,0.29901629760329573,-1.0,10.961199188290646
0.01285999930426196,0.015710835772357434,-1.0,-2.9646279364810773
0.5603883259694484,1.0,-0.18143992777284423,9.581637210490957
-0.7825910534294027,-0.2699227654957188,-0.4838720785560877,0.2841061228209202
0.7181100809419296,-0.13631445179182888,0.6734287957973073,2.3135284620829966
-1.0,0.3273967611703381,1.0,3.6640849099192287
-0.17581122357794787,-0.6428703242232172,-0.8635909252201606,-2.914953865831462
0.10784140006873288,0.15569616337048853,0.6947438565761783,-0.6966423426612036
-0.7187716739334271,0.19003731936334578,-1.0,2.7050604216856535
0.037503151948837354,-0.2452151711778121,-0.4623616892921789,1.2719520502261337
0.1176640656877519,-0.44834145820279336,-0.11780923302265212,0.5241381096185551
0.3291646749094892,0.038945631619439425,-0.06868747354607785,1.5478696048293685
-0.6788547002861531,1.0,0.738840925734791,6.6787395798858915
0.8567792569044215,-1.0,0.6719637473885727,-4.0064860936056625
-0.6839281447343395,-0.97230533952423,0.35463900680349036,5.06158627885059
-0.18884133544715764,1.0,0.2887026037594147,6.384761391730533
-0.145423365802422,0.5708260299754615,-0.14600403800180062,0.2540275881904717
-0.14289083616480114,0.6516159293964161,0.21507236316002398,0.6655129199604798
0.28490128550271354,-0.30306292068346474,-0.5252382843183927,1.0664966353846281
1.0,0.43911267953500865,0.831076358044329,14.512485360212354
0.48715937686000754,-0.21825024349999445,1.0,-2.6002403952894513
1.0,0.35854362661320094,-1.0,11.066863089055664
-0.30015976891813545,0.05958548923926865,0.8195305082476645,0.4962867350271883
-1.0,-0.6749114166349126,1.0,12.283139226458916
0.03466987981547387,-0.23068539193764503,-0.3932579650347079,0.6994489367523622
-0.2453652249539875,-0.5071477108637701,0.7956564046526879,0.7915503080132806
-0.08896638514024802,-1.0,-0.7275167086357661,-3.7178970345829576
-1.0,-1.0,-1.0,2.4925206849430506
1.0,-0.690632833163469,0.06326265196728897,3.103612234637188
-0.16209658772694313,-0.1590461738627187,0.751595024417385,0.045941742159367506
0.5213880443913723,-1.0,-0.8810191607072242,-15.071082075243844
-1.0,0.47317553873489593,0.881449296311362,-0.38032216274955527
-0.6298350076090022,-0.7329882878487806,-0.66092308028161,1.2794989268192876
0.613984663000599,-0.7353657946098289,0.6895993328974088,0.47839807878345453
0.11224645028517877,0.8908794882889277,1.0,9.09647540552119
-0.6457250667751877,-0.19495608139319298,-0.9778963111635288,0.7959228933556146
-0.06181250540357519,-1.0,0.06664137129329273,1.9370833471406796
-1.0,-0.9109500930402508,0.0027755841209016197,5.2518149709928235
0.4761658051529396,0.8733770205330482,-0.1932136734143961,4.753414783375342
-0.6572615937845618,-0.03207466829126404,-0.09012623237562467,-0.6843536264699084
0.5960200012169901,-0.04479632638066189,-0.5866559439090302,0.9955856357915025
-0.7458559446717739,-0.7949961108012911,0.6188304642996996,4.108958636778421
0.47712376884522967,-1.0,0.7089287903458585,-0.8016069349028383
1.0,0.4474647603766211,0.28353200840038717,7.939425638276245
0.025662423044485294,0.9873692557145644,-0.578374871881179,9.155261946331079
-1.0,0.4580138349605567,-1.0,17.72604412781395
-0.048073492527250794,-1.0,-0.19817804505494463,1.7663071211744044
0.016368565963615245,-0.7047305092515372,0.8735027376468778,-2.107854159237414
0.9376306394308667,-0.12348511065029122,1.0,6.814656176879718
0.2759387583151911,-0.7349181152602242,0.2526580988616489,1.1270244205679552
0.3887588323352251,-0.057496428739908456,1.0,-0.8291478652628412
-0.6047911465890201,-1.0,0.8871922268571297,1.6665042101367384
-1.0,-0.07981843941717903,0.40213870047108813,-3.284022773290655
-0.3619469276213858,0.3361649405730538,-0.8481992706132786,-0.8090040249154805
0.8311704700100977,-0.548484632188625,0.012404399232424534,1.389054599679265
-1.0,-0.24415199281971045,-0.046746695754680045,-3.9239838204049633
-1.0,0.9778209275947378,0.9603386818447148,12.212937787589038
-0.0790260211069096,0.6331592666381933,0.008205648372295649,0.5807497998683429
-0.4361965759864048,-0.7264132489292257,-1.0,-5.708638571730209
-0.08753045863044662,1.0,0.5977627180724492,8.599289495828868
0.8615650748037498,-0.28162539468636716,0.15891463752569157,3.2976060476706195
-0.0903265663655346,0.5193466506090345,1.0,3.3556672753880568
0.028852543479723103,0.7761770788467397,0.5140048182592929,2.4673702402297653
1.0,0.12231382974846072,-1.0,9.171663000446113
-0.4087566983852873,-1.0,0.523657314897765,1.609566646529139
-0.16998492484617578,-0.3251220624141271,1.0,-0.9546251188970261
0.8466957661836574,-0.18538522679816904,-0.7010158507137463,2.222286275374435
0.6183983444672374,0.4543217975467344,0.2912769167172007,1.3479075105019285
0.8885369509514021,0.28951817595389895,0.15463691596265372,4.072497241906735
-0.5882968080412252,-0.3317788980489391,1.0,1.1130031148225645
0.9518789690949552,-1.0,0.9880138729024275,-8.579340029873025
-0.26838134313977813,0.8104939402646776,-0.6562033878781446,0.8098530398137513
0.6589117702698375,0.8871522275814199,-1.0,2.0524261524786236
1.0,-0.1608130645626924,0.08260770261740102,4.34456532599774
-1.0,1.0,0.09056916270236881,5.808969847295511
-0.4763476173224699,-1.0,1.0,-3.5480882093517008
0.011902278488183704,-0.7757684762654233,0.16774678455846637,1.2056558803854625
-0.7034662932466855,0.7522028612146832,0.5252626034954091,-1.4673736002936646
-1.0,-1.0,0.05878266486560957,7.749545108333566
-0.1986804417717436,-0.21866543370067038,0.1765219976894017,0.4642839087150685
0.6408571773833163,1.0,-0.4724228301514579,11.404186917133813
0.055353920392518186,-1.0,1.0,-7.04248252365999
-1.0,0.05837164296090558,-0.9532702967442308,9.370710838129964
0.38021987535640056,-0.581147991695049,0.22880864127138123,0.6572169753384174
-0.6868689118170055,-0.5822063168508689,1.0,2.501150159733667
-0.9476540401480933,-0.1292142974679078,-1.0,8.567873896991141
-0.08991439205901997,-1.0,-0.42740371277783695,0.9816552086858098
1.0,0.43942477431758276,-0.8323265080586266,7.828868251993278
-1.0,-0.26289576529958336,-0.17730837908165853,-2.60247029582469
0.7949006143014818,1.0,-0.3219152395906466,12.326087946197688
0.7934360295111234,-0.7922114688920312,-1.0,-11.359965498751855
0.7891168210176576,0.6334694583637241,-1.0,1.835297353201479
-1.0,-0.7171048533265536,0.15850718734606062,2.4046183923170736
0.0019101605652056541,-0.39281159009096833,0.5444870194095486,0.4135882666931428
0.16638154781139902,-0.818331714874456,0.5029989753389825,0.5663172378723497
-0.6385425194675818,-0.0030963528382297323,-0.8075186096151148,1.1244916168527919
1.0,-0.8250879733382361,0.8655209493655336,0.5708245432660624
-1.0,1.0,-0.9630508285153068,18.993418813655968
0.34060419971375766,-0.5260756673536755,-1.0,-6.442372775169932
0.8978036149809234,-0.06342573437408205,1.0,6.01142534755931
-0.4399594159170448,-0.6208052173814296,-0.5338282585207212,0.7548950155839297
0.4041636869375611,0.2556757426202747,-1.0,-2.2647035366038493
-1.0,-0.8892431880089764,-0.13486741365392607,4.612274281787822
-1.0,0.21365749034067094,-0.10500727977873048,-4.3137911102988635
0.8011863514916369,-0.7987211080749288,0.38708221169194656,0.4132194291892243
0.31244925929574885,-0.9470055554786316,1.0,-6.478779534939965
-1.0,1.0,0.8476411312967742,5.5234097595842275
-0.25708894522919423,0.881976577500561,-0.5187004716223544,2.9123972579211928
0.5868846556433822,-0.8263331961785769,-0.29502442980198573,0.9894577945063627
0.10322801905288692,-1.0,0.48731053466360796,1.2822768950578762
-0.20724620049203413,1.0,-0.21541202816917315,8.377371568519088
-0.4606837568222033,0.2005749140589339,0.04281788598140546,-1.0075766378287716
-1.0,1.0,-1.0,20.310037993208567
0.8362536331337609,-0.0045220966033272525,0.5052450706874891,3.387727671799869
-1.0,-1.0,-0.7903273448915635,2.9329598387482902
-0.1539636687307646,-1.0,0.7950638646099892,-1.3540317098899874
-1.0,1.0,-0.08040839974001912,8.820740235060846
0.371794931915129,-0.69524012450222,0.12977433203127564,0.2835345958109401
1.0,0.9473231365616104,1.0,26.472947404035015
-1.0,-0.8089309408309917,1.0,17.528992063000622
0.6647646729272059,-0.3988429615288125,0.35145677390918983,1.4194726335290888
-0.3375913739522245,0.8794752688733645,0.6101481715964792,3.8148099055767144
-0.7477418062236922,-0.08772418320579622,0.39846613143868015,-1.9504717959492486
0.22013226422675203,0.4507949767054351,-0.31846481367059765,1.2025463909918814
-0.5100372524090995,-0.5827543937966464,0.764849486242436,0.8612609072440892
0.38652356622764716,-0.2494373230376079,0.9302458001523948,-1.075991621272941
1.0,0.9471300336214985,1.0,26.016001060871293
0.4186931342308169,1.0,0.19121525586247023,7.245383411793975
-0.7813151053417788,1.0,-0.1528999093052632,4.249834191459731
0.6017053382924324,0.8150686484940806,-0.03512921823472115,2.431645398061927
-0.34449831215691407,0.8110131774866547,-0.13668103348063543,1.1250056907315185
0.16424097292192386,0.32049662763942943,-0.4990581959590381,0.6548801584058742
1.0,1.0,0.8960232522192171,21.601669137203473
-0.14146577065786126,-1.0,-0.27588739092508496,1.6468578752776493
-1.0,0.3975630364471172,-0.08791103663127631,-3.460925801828973
0.41507488454621444,-0.3655870648582258,0.9337725258237819,-1.739887606252919
-0.8747348417770866,0.2807387232380585,-0.8669130237298994,3.2239683582953846
0.38837184222252286,0.8533118647279163,1.0,8.200867062594561
0.0706545812538435,0.7154023543802963,-0.42572392885413546,0.5386829853878656
0.7637267257277978,-0.04386022256504041,-0.31983220326505046,2.3573467011719695
1.0,-1.0,0.626678894785927,-5.224542396525791
-0.010375653805467788,-1.0,-0.617633150051303,-1.0938009678204952
1.0,0.8135099385398077,-0.448771956058172,8.317032870189035
0.270157294346244,-1.0,0.5440080004411452,0.16734721042660455
-1.0,0.31673249301498707,0.9805405265289149,2.30559339800015
-0.3681553487577869,-0.7747154583427618,0.6024053361541246,0.30602645609092893
0.24939756911525568,-0.32892513130434287,1.0,-1.6473609690229165
-0.3196490715176177,-1.0,-0.9764281599402529,-13.205647642792217
1.0,-1.0,0.21433223094153497,-8.55650990905022
1.0,1.0,-0.2262049372039907,15.91868009034195
-0.969329593403927,-0.16403410731915358,-0.7392496235003638,0.3009965960388158
-1.0,-1.0,0.4459778489616504,11.272449562018858
0.01570827439429623,-1.0,-1.0,-18.075064300933047
0.2855008582994989,0.252564269949934,0.851595654642668,0.30761676603490895
-0.08969526465424416,0.5868514739855828,0.1857896473956293,0.043410256267915365
0.46349760817859487,1.0,0.20178775677981076,6.794028047919225
-0.7971425849728127,0.025932064844802483,0.2590609664077208,-2.1637519618784595
1.0,1.0,0.9932210839490734,25.764783205883695
-0.8082014853719148,-0.6740504179607183,-1.0,0.8863978725593555
-0.15835279782623957,0.5728273644077946,0.47367550398632696,0.6628202284285478
-0.08665020899344311,-0.32778669219444057,-0.789370946223821,-0.5503178512401175
-0.991782063615636,-0.4691026782431782,1.0,8.52684116757483
-1.0,0.8861674236273578,-1.0,20.826284252479752
-0.9680366933195963,-0.005188112289147062,0.21421108570407754,-4.252346877645395
-0.2551500999621952,0.7501971506641052,-0.5133823147346126,-0.3902139634626543
0.28635121517080653,0.15024052786239284,-0.42038885725207287,1.8168564553664779
-0.2423218572901591,-0.857325424616797,0.4337067678495592,1.4414858776940858
1.0,-0.7441234618684394,-0.06005208701656106,2.099354489188176
1.0,-0.6561595603719144,-1.0,-2.167814814712087
-0.7304902716375201,-0.34348107432000474,0.9661604673026791,2.898293510052091
0.2987253829450358,-0.5574270102785255,-0.8036067739577373,-1.8654328819352717
-0.6359013903563295,-0.28238242291124793,-1.0,0.5172896859854883
-0.18581754654821214,-0.27059838071133635,0.27865666438679537,0.044923551132218686
0.37646885558335996,-0.823564528458471,-0.02818172893519022,1.2100035617533806
1.0,0.5398835618602116,-0.2004264131434026,5.5823475251382755
-0.5421367036433296,-0.7260900290536099,-1.0,-4.393763273254438
-0.5051916378304322,-1.0,1.0,-2.1292319351541042
-0.5332510995901902,-0.5957432880606213,0.8328185247275322,1.624201771699466
-1.0,-0.16432557901173928,-0.9925866043402007,8.21850703898877
0.5095258864175365,1.0,0.8324016624691808,8.78479814037823
0.35395090923070716,0.7541117544675149,-0.17272795308379219,0.9428845211119313
-0.690425747753719,0.40431571870356486,1.0,3.540913590558153
0.345234174326853,-0.19503633580196977,0.8945978626923703,-1.0776728621092528
0.5646239647721647,-0.7640409711058751,-0.9261254883552112,-7.361148686348951
-1.0,-0.7072463776767111,-0.2554556420944143,1.6789497679874086
0.4478023839050427,-0.4754134911820407,-0.34924852173177223,1.0208449642332793
-1.0,-0.02872969577979201,-0.5347696252948606,-1.5939833822643992
0.621125998245363,0.0990325018956777,1.0,1.3457737934534821
-0.1045130030698056,-0.6705053839240436,-1.0,-6.655221150320622
1.0,0.6057938685569781,-0.6508911675715114,6.798844986068223
0.37830070334935595,-1.0,0.8758966271386979,-3.6366222964039276
1.0,-1.0,-0.06559661530562533,-8.062169369861474
-0.07336815672693198,0.23641641421557158,-1.0,-2.9417958279608984
-0.6388353313085755,-0.21537090300463824,-0.6510473555038312,0.7300137270983956
-0.5553573254506381,-1.0,0.2919965476795965,3.984371489243992
-0.7085497589063625,0.07946028132204441,0.3744687313176176,-2.3368573817030343
1.0,-0.5197039402665875,-0.057444875871109025,2.7944926174505467
0.30284903868576185,-1.0,-0.36066332305963344,0.09360407261640688
0.6374099313827377,-0.9635669472044806,-1.0,-20.593343092606347
0.47425132050004204,0.48687841779469876,0.3934712799340463,1.3049919863733803
1.0,0.09947403021426382,-0.6864875548201845,5.969983405264646
-1.0,0.021881587829420956,0.17013433888424534,-4.659201167406268
1.0,-0.11245826509923296,0.8057715013709799,8.75079084001405
1.0,-0.29196337642843595,1.0,8.030506884614965
-1.0,1.0,0.18138210349922113,4.877414957765546
1.0,-0.35400440054107185,0.3541781996637072,5.304370482351652
1.0,1.0,-0.1887429163594121,16.05632396726693
1.0,1.0,-0.3685358185540455,18.083220416277634
-0.6591926939853792,0.2765620789625871,-1.0,1.3493349360551652
0.753297768782794,0.8317469107032127,-0.5056151269157281,4.073984040076604
-0.016263556250175837,-0.2954822811902251,1.0,-1.4459855651923
-1.0,1.0,-0.20638079457163983,10.40179709116145
1.0,-0.010441663130698497,0.8387831027865296,9.678486786215798
-0.4104861830065205,-1.0,-0.14602442618946343,3.9392997231106337
0.019563586049835546,-0.05187463818275151,0.5866343501375431,0.04779152011161081
0.5962322176287993,-0.2948949545226993,-1.0,-4.756469346841514
-0.06423201747158314,1.0,0.8789015776918017,11.178070060943998
-0.4778375443338305,0.9077531569694564,0.8890146202068978,8.056579558649709
1.0,-0.2727840245493014,-1.0,5.703801764715536
-0.5425788343296569,1.0,0.6273370693109339,6.392134862431379
-0.5236289073505958,-0.07294611424207398,-1.0,-0.5396701829099225
0.3725888323213611,0.20522793883615886,0.5021239334563758,0.8688088168479119
1.0,0.06540057071417738,0.10451170483555305,5.269095103287438
-1.0,0.6768488693885399,-0.5873153337357755,3.874131701236657
-0.8182232333500639,-0.6220114077182626,1.0,4.760364665012985
-0.16290561999067044,-0.7256528615795399,0.6495140677497577,0.3587427748340283
-0.9159787233882766,0.20547028276175183,-0.48426452944017107,-0.7743797948207263
-1.0,-0.1683806371809442,-0.6856222350203656,-0.02996040270614439
1.0,1.0,0.1391910547031996,14.487382254826002
0.9470775853235034,-0.12784183529886595,0.20721419522387086,4.0186523729321415
0.8390617960548594,-0.6785620355979245,0.1645343079097914,1.656509060405931
1.0,1.0,-0.13137817082792136,15.609769082857689
0.9069168292778784,1.0,0.33717981195597524,10.076962574039806
0.03998674599676755,0.4182495018716128,0.8780980344765437,1.4847810921064035
-0.9875369627494894,0.41627037106580156,-0.6337792150346138,2.0986425257469534
-1.0,-1.0,0.19857146467907016,9.550761393914591
0.052809108751163736,-1.0,-0.36474821143810576,1.67167891924093
0.2228695908728855,-1.0,-1.0,-18.75496433738298
1.0,0.575926666026235,-1.0,14.075272412895385
0.19216628684554848,-1.0,1.0,-7.123286678002532
0.12091177407677756,0.7632296417109405,-1.0,-3.8219321422529826
-0.8707339607801505,0.0413037684972839,1.0,2.7882189717723906
0.7842980878721819,-0.13900815698988844,0.37274658856406395,3.0820015673952494
-0.8787990442845248,-0.9790726624094133,-0.8392633530045668,1.1125732539898407
1.0,1.0,0.13528820111170115,13.37576384295988
-0.34143306264035744,1.0,0.9656604266962794,14.544659058333863
1.0,-0.7895784715962761,-0.9428346332255337,-3.2238822597007304
0.3803252793885079,0.85026370509665,0.20251419155797,3.476530419008861
0.032289408155815824,-0.10036286109480752,-0.47919892394088914,0.9735155279617662
-0.6616137821381822,0.2651952214500768,-0.8771180015036113,0.9649844444606881
-0.934851507904612,-0.21604777991756663,1.0,4.400868314565442
-0.3373599715808808,-0.5772258370610324,-0.8801879162117128,-1.2808795420516326
0.33012195107846676,0.5341184440866538,-1.0,-3.4331706377513598
0.5407679574466451,0.49452516667321267,0.04349177794666037,1.3377995136358463
1.0,-0.22135410225805896,0.48616723719022614,6.067443283530112
0.6609881868773917,-0.020579223408130565,0.5519222286433747,2.147348629273977
0.3597505534080896,-1.0,0.5420500380018918,-0.1520326208255525
-0.6357071995243071,1.0,0.8114357636246388,8.321382285119274
0.9351199960013548,-0.8973103621887561,-0.0032545755667290344,-1.7258321560018914
-0.09961558438569962,-0.3082153250773887,1.0,-0.4192621147498504
-0.0017565587676702243,-0.9379491136094038,0.717599151747869,0.08247554149916592
-0.40255241026394417,-0.7856348974023648,-1.0,-7.059174235154874
-1.0,-1.0,-1.0,3.232695236683894
-0.3476329690059039,0.11138293719895587,0.6782100301566196,0.37155135216608076
1.0,0.536788511713467,-0.017476267007946467,6.703564739598418
-0.12865969735610028,0.25883581276040335,0.4263741779880954,-0.5328933359695086
-0.9864326660822664,-0.6730461079998467,1.0,12.275236994851841
0.34336872160130993,1.0,-0.06941513168842661,8.245936098742744
0.7151326007356156,-0.9681848341919819,1.0,-6.507392694375078
-1.0,-0.7348150721428968,1.0,13.166016234741456
-0.42067995922457935,-0.9742305765974928,0.11063828892631489,3.5205589890710454
-1.0,-0.7269187772149985,0.6495301044722197,5.512091171013635
1.0,0.6413251804094318,0.7972644238320581,16.983788773340816
-0.4208676493143415,-0.11094681696855413,0.28679758072653105,-1.02226196812188
-0.8329685436227441,0.42232379375825135,0.26631195950785846,-3.6190016993110152
1.0,1.0,0.7588131435179244,18.770213398150577
0.3150399589806627,0.7836240029557671,0.8397651239967208,4.58374356844691
-0.06857885171221367,-0.7052627945363485,-1.0,-7.146594659809675
0.7738975783594642,0.28503383183702,-1.0,0.8097233687094926
0.6611584703756535,1.0,0.451801617274058,7.4140448755966935
-0.8349973244408013,1.0,0.7177964482136581,4.2288547801946175
-0.8940220487359747,1.0,0.03365935677913012,4.954532870124093
-0.6677376876951471,-0.11760131228692772,0.24858259640164548,-0.9662307253634008
0.6263678257876377,0.5363020316929845,1.0,5.440006160915135
-1.0,-0.319607926382693,-1.0,6.551839384510375
-1.0,0.6512078142736866,0.7575965327152101,-1.5106811296573444
-0.12506519172364206,-0.7226759361626962,0.18851013527395066,1.1241033210838427
0.3938944284837258,-0.2467086263109659,0.7816538354196227,-0.8030815112148535
0.21170023712318997,0.4385251750109944,0.21509658406813625,1.844902933823891
0.4227622132194826,-1.0,0.1867705529544328,0.7633224155758195
-0.4594602379498005,1.0,0.5800868305800242,7.700707988279775
1.0,-0.4573809071460728,-1.0,1.886575621094508
0.14140315494259736,1.0,-0.18458919198428947,8.715922061269929
-0.6858742203556705,-0.7511235733185302,-0.9025195561700798,-1.3340727919542004
-0.7033704670381706,0.543920013988141,-0.7354537667143579,-1.0507641737787303
-1.0,0.28565829392682374,0.06488449235944449,-4.342698746571907
-0.8994537446624213,-0.7638943117961352,0.2920302820235583,3.7505741141694338
-0.6881702407459429,-0.4983409340433087,-1.0,0.7506472101063663
-0.5862825420075646,0.4580386250415709,0.40224704632167074,-2.6100031466078875
-0.6604139167450349,-1.0,0.530166066965974,4.57143753814275
-0.04047055266009103,1.0,-1.0,3.522796110990177
0.14161395073271854,0.5491946892107562,0.007835799400198962,0.5408971607688826
-0.6184669239394307,0.5440162518802163,-1.0,-1.1006182864675456
0.974925307550047,1.0,-0.15104758433451715,15.008277237956992
0.3954483648703919,0.3612104301549326,1.0,1.6076424951519344
-0.517649459534602,0.21042376107188066,-1.0,-0.620869013106033
0.24391564357423268,-0.09881202165691105,-0.38260054322466575,1.2274723075042513
0.28578309775434496,-0.8526592234326342,0.046703882942372266,1.5863851738467702
-0.02028005613895023,-0.95443910319045,-0.20566689875494615,2.8530156802920303
-0.6189446078474208,-0.13220934131999207,1.0,1.5207207856696354
-0.08578615178161719,-0.7003997514630171,-0.704192842675057,-0.23261917176348054
-0.482620417229048,0.4501312594486122,-0.9416581426547377,-2.0490133513834716
-0.025895740202971584,-0.08600700133448647,1.0,-0.1861469520980156
-0.07741723945591783,0.14673053642295275,1.0,0.8877496888292401
0.46333522003387273,-0.1039975791109582,0.6606698296173334,1.4071619146207655
0.36073651441683463,0.28563989936923573,-0.804257530202829,0.5281608338853477
0.15816417282069128,-0.04866489077376346,-0.012801436893283391,1.5032916202146924
-0.799749400403782,-0.8583437105464402,-0.4647585774760312,3.4986235828166166
-0.020758606051646922,-1.0,0.7755706883890396,-1.5634758803306825
-1.0,-0.9947066477877835,0.27716855770575366,10.023308698401825
-0.2992410761827331,0.9218103350762328,0.11358590469249763,3.7677588828527093
-0.428173839383053,-0.1334732301548731,1.0,1.1678792351814051
-0.36367653005893885,-0.7511358850541352,0.16281681935508718,0.5145459398075709
0.33927438532329557,0.06495427928603781,-1.0,-3.2929087411028086
-0.12092645668819135,0.057964237548767894,0.14168690339024836,0.058703831933621414
0.41174727291253155,-0.051328160935446565,-0.5671575814525982,1.4863718125070524
1.0,1.0,0.7824041253631369,17.875217095205414
-0.110476613637986,0.4912108776515032,0.07116768235011128,0.5606050937573763
0.7160885441651283,-0.11226979923928271,-1.0,-1.8775128054167227
-0.7707972990247318,-0.3661622853066073,-0.15540593530098068,0.18009232629649996
-0.18990212361851144,1.0,-1.0,2.1457744808150174
1.0,-1.0,0.8453972521799298,-6.977241381347338
-0.7060768499813492,-0.4679402826024144,0.10608334232628525,0.6832109462721259
0.5614844339826215,0.8907645497592749,-0.6235112348788874,5.2957920719203155
0.6315020730785283,0.20372080308548268,-1.0,-0.9730190358069226
1.0,1.0,0.6972738038997959,16.59386976465507
0.1818752899932763,-0.8721319561493224,-0.6679889197496316,-1.567982872301629
1.0,-1.0,0.10648878734233613,-8.513072570485765
0.21338387886552446,-0.903582412524802,-0.4712251599037556,0.8755971592933033
0.35524050236871685,0.7581054532167146,0.946454049136815,5.391108518857226
1.0,-1.0,-0.30831971451972473,-9.144181469657063
-1.0,-0.6487742704446822,-0.3642413434457412,0.8161018355282827
0.6002461538631492,1.0,-0.20086418324004995,9.9796204001181
0.30734410988129124,-1.0,0.7267526456717261,-1.0065193992712493
-0.660988897067665,-1.0,-0.8629229132947447,-4.187890241337104
0.04930192613309403,0.7000745466127842,-0.31621801094890944,0.4840546627688991
-1.0,-0.45061486350212276,0.012422179100629815,-1.5368201273439923
-0.7446456294161861,0.7460097117879636,0.5196469590973443,-1.6437788778666427
0.9533100758756174,1.0,-0.9798354202429636,31.111130513184765
0.9275162746810406,0.7167972363298363,1.0,20.11632690431292
-0.1819708766872734,-0.6540147099790514,0.6047007769763626,0.820917681637835
0.25357735935453074,-1.0,0.3874850327756585,1.139880664048723
-0.8703084544310502,1.0,-0.24391741884109464,7.217017018228782
0.06303699154907538,0.6145989098332798,0.45241184712414984,-0.08635063689287359
0.764843567025403,0.5659554408163601,-0.8194848951903069,1.2123394426498426
0.5741266943029197,0.31484728539081264,1.0,2.3640954192399524
0.26040214922403626,-0.1764161506935289,-1.0,-3.741419783378831
-0.016162763438056338,0.6176844746763752,-0.1868091036543693,0.9894997186640451
0.420254274948455,-1.0,0.4210210057896602,0.902272867954055
-0.24015804274143426,0.3458851732623014,-1.0,-3.157335643653056
-1.0,1.0,-0.2842980530823611,10.049091754725573
0.25399573230073913,-1.0,0.8208030721629989,-3.110809893256771
0.26820637796398517,-0.5802992941502949,0.35303503873663633,0.9206024820953318
1.0,0.9549203796976653,-0.07071295189274385,12.881048260083684
-1.0,-1.0,-1.0,3.550952171585936
-0.17894668323738827,-0.44404275862508924,-1.0,-4.336917561695979
-0.2947724740727553,0.6986504479000184,-0.08185579932314857,-0.23285194948031637
1.0,1.0,-0.1406127633460199,15.394503780535503
-0.5589602030673884,1.0,0.48953737190315727,5.441686065804329
0.1681972884910834,1.0,-1.0,5.022191012435707
0.4549076232351841,0.007965120155139616,-1.0,-3.204407803237391
0.6538414002053425,1.0,0.03310321363785684,8.63257485289885
-0.7354391489527172,0.768705418697232,-0.5810782126176472,-1.2861781478422314
0.6764492081569187,0.08346581959923105,-0.9442709835687744,-0.331275901269748
-1.0,-0.2734442879927985,0.4385609908615118,-1.66568027928927
-1.0,-0.1477162168003796,0.03948014584507109,-3.7949109657484517
-0.39135112658266435,-1.0,0.4461295574443356,2.904284862705583
0.5094052534692772,-0.1610431063736837,0.7037964518048265,0.847488593816109
0.7874124405235634,-0.6110783125173278,-0.9158323515983671,-3.3403837833487176
-0.23975806243696485,-0.9131605008848271,-0.7434900605000352,-3.4915979324178905
0.32395691422479667,-0.42071559938701486,0.7387957841588559,0.030996601428365075
-0.14585895785139713,-1.0,1.0,-6.154324781901651
0.503680326627741,-0.06423112788703911,0.9837817373156106,-1.1656374529632283
1.0,0.02664717088181412,-0.012298736468521199,4.289422906440247
-0.030200680185705986,-1.0,-0.8347518037313042,-8.68262533143458
1.0,0.1720945165370127,-0.812202356535282,7.3448941016558225
0.9256143727425621,-0.9323709223411918,0.020308507015617483,-2.4292817130923465
0.809911940813103,-0.8761931137893189,-1.0,-15.656930592642661
0.21221573942079797,0.4578727520684527,1.0,2.783377710530667
0.8768760650498764,0.29236001996819105,-1.0,3.445453064281953
-1.0,-0.2230804811717606,1.0,5.465675972200925
-0.700079759890361,-0.09582742798061705,-1.0,2.4823434414515013
0.04841001655823263,0.2846549691478206,-0.5949505003049638,0.1850957102501205
0.7489595007883112,0.5710242152572134,1.0,9.013102982082474
0.6468212048658863,-0.14520121032147926,-0.23567450008019875,2.457213893073365
-0.2780109218839484,1.0,-0.10122415674278029,7.078790170779643
1.0,0.2704289703153713,1.0,17.957054407796498
0.15327913745152744,-1.0,-0.8378542692782338,-9.624046195210285
0.7131993746933025,1.0,0.040409430769054566,7.849539897727545
-1.0,0.663695690085867,-0.257509826513056,0.743611508107733
-0.7037505146037926,0.506338632299355,-1.0,1.1344823510061883
-0.7796863965712446,0.36684243080607937,0.5224555852052124,-3.0193314810255947
-1.0,-0.8270085418828166,-0.05990143963991312,4.3457635405107204
-0.5380604206243149,-0.19000971501764563,-0.31199427694008786,0.4715824246961453
0.07908445216498805,0.3131340882123683,-0.02192175936784424,0.19638215509075613
0.1039010629342918,-0.27164404363998496,-0.4210107608593605,1.0243128421488183
1.0,-0.6598717505065144,1.0,2.552714125350402
-0.5338583372376604,0.8554141119838217,0.2909824286273135,1.1333038209622772
0.10980298857941762,1.0,1.0,12.144540058020311
-0.6607948229061509,0.2505123973836776,0.589214303666199,-0.730266785348579
-1.0,1.0,0.9300211980024888,10.017618884471704
0.0011832010920935776,-1.0,0.3090348980550959,2.6317143289759386
-1.0,-1.0,0.7424105456699777,16.419273693936987
0.6998633784564863,0.0020038027359825517,0.08519924130777623,1.8433752931090206
0.18976860060764578,-1.0,0.48141120607541255,0.47356211640143475
0.32166140079053496,-0.09504075620467112,0.7095281617980127,-0.21974848456788104
0.5830606725564116,0.6399525988135966,1.0,6.258597236842379
1.0,0.1386635792685409,1.0,14.723826300399308
-0.5873336606165094,-0.6366948553293204,0.5828023091325314,1.6937810233411532
1.0,-0.7137447434997597,0.030483689193090635,2.037848319093025
-0.4419521253070897,-0.8649831312587279,0.8824279900710816,-0.607327849312465
-0.5089546419991859,-0.9619282032027605,0.12753316113487467,3.743777048379904
-1.0,0.4865688191341915,0.11632049646323939,-4.605295946159677
-0.3550776980785668,0.5471953604460429,-0.4553769183177945,-0.03135919218401784
0.9922848578606027,-0.08279313972953162,1.0,10.460705661727717
0.43272209252240446,0.04829765381585949,1.0,-0.24710544547876923
-0.9600837918689651,0.9410747316895145,0.18765793747519477,1.8279866134542129
-0.6889660185401325,-1.0,0.11633786906445898,5.738349166927327
-0.5327975057314283,-0.6708305069912897,-0.3617442885349358,2.2733502883751293
1.0,0.1616729390834324,-1.0,10.426211694517772
1.0,1.0,0.03582823553096115,13.225598438134485
0.6852110501361204,1.0,0.12458729649413924,7.801917854246456
0.36365365527335025,-1.0,-0.3923121631862161,-0.17728925341357582
0.5043800932933029,-0.2784480965914433,0.7631439271002098,0.4865021587341092
-0.4416958189196123,-1.0,1.0,-3.1485506735835873
-0.3079817131575009,-0.02762414317038564,-1.0,-2.263740509869237
1.0,0.5939034447771838,0.35784255369447315,9.682938079229455
-1.0,-0.17546196006317705,0.5890522832406058,-1.659006186771135
0.29848060519212694,-1.0,-0.42235464883868246,-0.44578770083936375
-0.5673363782600682,0.03509425287558643,0.6211198174643782,-0.9043688924949518
1.0,0.8842118936222754,0.4213668739867389,11.4675077640284
0.6924566372212848,1.0,-1.0,10.833254531310619
-0.007242114024212931,-0.01977362295091778,-1.0,-3.628622973030533
0.6017018686293392,0.36848698851380846,-0.5815208674410144,0.5058910454785278
-0.1962616509738624,0.06896304077612192,-1.0,-2.449889645895281
-0.257853358447919,-0.7744282332706436,0.8807081569237081,-1.1258663601927321
0.871273146921538,-0.6662707511108839,0.22619335044632116,1.624419066185812
-0.3952549561870087,0.8926591409222331,0.7058800428314971,5.310727649161395
0.09173464317937818,1.0,-0.517882532027673,10.019877369135871
-0.12458879879986418,0.5039799962964484,0.7433658893763946,0.8516031186862556
0.288208690063682,-1.0,0.23861930539808807,1.005342790357679
-1.0,1.0,-1.0,21.17769591879148
0.6963635553752503,0.20511864492121634,-0.5238335502325111,1.5062085761972293
0.1923819632718884,0.004282237420453638,-0.6654869949732787,0.7930724098110571
-0.3353833894111633,1.0,0.6566118214219749,9.237023546674372
0.11665562628208415,0.34764619471846103,-1.0,-3.345606730190439
-0.3379664179237898,0.9506445867167441,0.07048180836495943,4.201869684664745
0.28672008769858626,1.0,-0.14483354133685955,9.067892800708101
-0.5413864087084397,0.49423943321186137,-0.2831937442753416,-2.0416900160251865
0.4327641825134174,0.8585889627448631,0.19443856811860072,2.782938161181433
-0.38392310135090013,0.33470334453455397,0.0889088111311751,-0.8518817634216359
-1.0,0.7001733799421088,-0.9216691884910084,13.603949803939054
-0.7497791390603359,-1.0,1.0,4.3071338355519
0.2708166169122168,-0.6999737681649274,-0.6533024976861479,0.19854467526645964
-0.6447633443907579,-0.8910217911316907,0.17110370167909394,3.011950139707872
-0.23787503328268178,-0.6360082037895398,-1.0,-5.6392073924385455
-1.0,0.9706836701952668,-0.654387318023431,12.630446266830782
-1.0,0.4711575193344504,0.821419889809706,-2.0813505476594645
-0.6478343428025848,-0.5383130133271248,0.4739135452457417,1.3987879061608262
-0.3157357828194727,0.2389674247783382,0.11577215506213778,-0.7858822954273876
0.4798237184280636,-1.0,-1.0,-22.409863297768155
1.0,-0.20452100057226885,-0.7898309012526432,7.829095405945368
-0.7649610217111273,-0.6263621344101917,0.798831353586049,2.7549463776497243
0.7015698627954343,-0.7588208848217743,-0.5730717208697442,0.28954444069040064
1.0,1.0,-1.0,38.58193951519143
-0.23434898717334574,0.45231179924789955,0.4296820012161988,0.055182689314112854
0.4984926340820839,-0.11968457958560874,0.2600247322435374,2.116176949972795
0.978129268604403,0.10096443210771144,-1.0,7.635796370359451
0.05295343353220017,0.43972423331286814,-0.07061434374490205,-0.024744045615287924
-1.0,0.1426531166115057,0.409870325017768,-4.685987626888193
1.0,0.37318196603514586,-0.5959765771476393,5.698201639531119
0.9918670974174475,0.49712488991539705,-0.18360950214275396,4.954122988242718
-0.5848961085065618,0.3135812101291833,0.395742490712762,-1.2774808933099246
0.23333699399658192,-0.47603525983088724,0.4451832895754888,0.2726771623875559
-0.23790700718237567,0.03766969558513411,0.11055557190322429,-0.3294293276878568
0.48460616341784624,-0.2591605492733471,0.5058889223026575,1.1581163244503965
-0.03984243045089242,-0.27492084990445,-1.0,-3.6407149384595643
-0.43101047945835913,0.5647304113887102,-1.0,-3.8256253390000055
-1.0,-0.9640725260463123,0.2914287307160781,7.948212146902981
1.0,-0.5407614197185346,-0.7049775118646495,4.292196164479298
-0.8276294218611295,1.0,0.8638036604738517,6.856889979423096
0.8125014037516884,-0.7647206652207019,-0.466723027016803,0.016884972186529013
1.0,-1.0,-1.0,-28.596561286340002
0.31652001530081586,1.0,-0.0364167710599308,9.0863453427856
-1.0,0.27642776162390503,-1.0,14.421519902414179
-0.12875671760232898,0.8550286742767956,-0.9159728781534331,-0.38962295629017374
0.431791523210846,-0.4465467240999106,-0.5299432285830936,1.0193876985237467
-0.4212129358645369,0.03375034717406389,0.11163590103124466,-0.5400698889239913
0.4007476243551171,1.0,-1.0,6.4194901388292935
-1.0,-0.03967831528569321,1.0,3.390937014417785
-0.05679978522997975,-1.0,-1.0,-17.330610369476933
0.1870302029239732,-0.5961046556538045,-1.0,-7.310472974570927
-1.0,0.2957122815751494,-0.05541239143860266,-3.8994684556291532
0.41447453539706713,1.0,-0.37378930212527384,10.569056362235322
0.7569919911201515,-1.0,0.5258092658887457,-3.371558106909631
0.48709173128130856,-1.0,0.9169040297267084,-4.87678594482734
0.8586451990516504,-0.0845891155174987,0.058424618852846555,3.3751543972134135
0.21948912213748706,0.3797118839233764,-0.6101929518330003,0.42402352872103033
0.7259079839133336,1.0,0.5668952631135313,8.447732050501811
0.3155823089292391,-1.0,-0.7349258140939485,-7.033929926474728
0.26690888807409574,-0.6715678673346142,1.0,-2.6009496220451065
-0.43024725379030837,0.9192349236531376,0.3462912160840359,2.958324245786509
0.4917856235365681,-0.027383295565960752,0.5343071738042375,1.0350200120573738
0.9664245184584501,-1.0,-0.3777835366339153,-8.48177259770616
-1.0,-0.10854658126828509,-1.0,10.432979900175079
-0.07551867680513902,1.0,0.35003142047346647,7.955269155744425
0.001829650649115333,0.7091567658751774,0.5110943813232836,2.7131004559518335
-0.445179603360945,0.1043796162147772,-0.7310509988072293,0.3799974705595328
-0.8726082223027125,-0.8325209061160959,0.775846917973948,7.609949892349704
-1.0,0.5600881897037331,-0.5772889353071669,2.0343825131155326
-0.4397517740100465,0.7722111210478557,-0.5753656602658213,-1.0649691615402321
-0.48084796169887367,0.035113831725645195,0.1890491997667294,-0.5568610733755258
-1.0,-1.0,-0.47686472973620875,5.681336383177948
-0.6156380889378776,1.0,-0.6292775302038522,4.545265776857625
-0.03594664289572358,0.28533113727914317,0.780755291257013,0.8562786506442721
0.9489592784880498,-0.009265054025316743,-1.0,5.633374375224504
-1.0,0.05155908916309859,-1.0,12.029261544769552
-0.2782659242314396,0.4955787069697264,0.8826792254211189,2.1330808769409533
-0.7334480117151745,-0.31899893390495415,-0.7080653030039215,1.332186964057524
-0.022779280365231358,-0.3565488496505549,-0.29948756862187453,0.9157086425811012
-0.6005687601648633,0.025890519171813065,0.39235874244705604,-1.07209359168445
1.0,1.0,0.11453418655664671,14.196112951885281
0.3035423768899994,-1.0,0.590039352037828,0.0115148533636929
1.0,0.780121701786171,-1.0,18.340369119207228
0.02168993095728955,-0.5214224328733217,0.06011393651874064,1.5273747188993072
1.0,0.6264496643118944,1.0,23.965904303520524
-0.5244595621991481,-1.0,-1.0,-10.511131843344582
1.0,1.0,-0.12195473948146485,15.319025270327442
0.07956263525856078,-0.6858296283062144,1.0,-2.891513389219733
-0.49403010407733516,-0.6485417118882382,-1.0,-3.950689362291295
0.8498054923928755,-1.0,-0.02947158226275537,-4.71851096859479
-0.7060948452711475,0.6827991423436377,-1.0,0.12923383444311265
0.8630919471129832,0.560300890327295,-0.4561148347733812,3.3558086855541487
-0.4276482188481947,0.9276688898756627,0.43263331915132186,4.756451245315564
1.0,-0.744476454091582,0.5262870844134013,2.6646290201679688
0.13051861304465762,-0.4100852110990041,0.4780448390362553,1.0353652661319508
-0.13704022843062869,-0.13229559478723818,-0.5658523798847457,0.37088779622854984
0.600873941531409,-0.11104966166156882,-0.214931605940198,1.003860346719418
0.6000469209952601,1.0,-0.3289097441244764,9.981469762186814
0.5576677650332893,-0.3641173284488246,-0.677634905295184,0.23583864736947313
0.738512001153691,-0.6234653568937323,0.7393249997124642,0.42242436165243635
1.0,0.48640924180287115,1.0,22.482787642830736
-0.9635575343269147,1.0,0.1790364358103782,4.584639881305652
-0.29990784970676554,-1.0,1.0,-5.623541350008879
0.31052706083652537,0.12258860113507408,-0.03929524844425081,1.9969205346886238
-0.13996387556471923,-1.0,1.0,-5.494222873658407
-0.9464139037059605,0.7384604682166405,-0.7341115388568935,4.230424870085026
0.04109977260983633,-0.2963301486055494,-0.9507946306248236,-2.927735245302463
0.297817340778467,0.7523565195607724,1.0,6.076109031605652
0.5700317906098189,0.8348527813293174,-0.0437748360200132,3.474984516669926
-1.0,-0.7094304827954261,-0.428630375703148,1.7723592949269826
0.23195671747958824,-0.3894637332807436,0.845213348555464,-0.34314583891674744
0.20267839896294304,0.7971328946376937,-0.02240796551691382,2.1259978065062395
-1.0,0.8973308098672212,-1.0,20.43805955440761
-0.023668295327610167,-1.0,0.09758775815246401,2.303426853245751
0.08492193040250928,-0.45147063806758037,-1.0,-5.318762828122897
0.5990721436106299,1.0,0.27720377625495796,7.48116253149144
0.5623959654438346,0.07935641211697941,0.04549005102486059,1.793180252033947
0.026421415385196934,0.23415060416208155,0.15218073564137247,0.41534729214186045
-0.05533063056565046,-1.0,-0.5590391014139138,-0.9704183868092768
1.0,-0.47152180956973844,-0.32937450037769955,3.99888963561496
1.0,0.1804822657864933,1.0,15.738686552761399
0.5461609018515585,0.0638564765881462,-1.0,-2.482332657142247
-0.2616851082751428,-0.26797646643406825,0.18353421719133234,0.6014054228094661
0.16597982755918017,1.0,0.07562530352057717,7.693834439019301
0.25658755277056966,1.0,0.8261410878320008,9.247008768387484
0.019532290590297707,0.42105098450480694,0.2849001311209307,0.1765297996281635
0.6762019327010875,1.0,-0.8210870502158858,13.624747651691582
1.0,-0.8686287740751699,1.0,-3.2057274551239976
0.8436731694501967,-0.7374076208699973,-0.5902201997084147,0.31679359649664324
0.7159204839790592,-0.8861035165319282,-0.09285544931390022,0.034758819017174286
1.0,1.0,1.0,26.27127740396963
0.9385590385673201,-0.6623613606579117,0.18149543468619567,2.2332596166506233
-0.20185830970274732,-0.10699491215076473,-1.0,-1.925386286756475
-0.3534513175510776,-0.2799149735325004,0.033405974449069564,0.7741013812782225
0.5778735021896075,-1.0,-0.3300075416353139,-2.216556411431781
1.0,-0.4761319813942424,-0.8860477439027312,5.230221495049931
-0.34411998390109444,-1.0,0.8375114035651949,-2.164548916171914
1.0,1.0,-0.19662653688517495,15.998831499562492
-1.0,0.6894939577427632,-1.0,19.149488476006038
-0.12083287223520212,0.15434771991439478,1.0,0.5748970135387342
-1.0,-1.0,-0.6170517743013753,4.398204891360396
0.39549218851668044,-0.409829853979258,-0.4345592177410711,0.579665851747394
-0.25943114391811783,-0.1303697242454107,-0.2375623034095533,0.5903714954863863
-0.2872669513444812,-0.10892777036188672,-0.6244294161133448,0.25486494415385685
-0.8270875746885291,0.9053475826634101,0.25664548092745276,-0.36995255473839117
-1.0,-1.0,0.8933636282726429,18.90390145765652
1.0,0.9185337209794944,-0.2970817308476612,12.90024246604516
-0.3208009720890932,0.2665400015387749,0.6929294931819145,-0.658449105805861
1.0,0.2917241952387246,1.0,18.484535490918084
-0.8521426731194586,0.26169847350759556,1.0,3.199581444864238
1.0,0.761391022035631,-0.030021881084141055,8.663440134153303
-0.3334652043027808,-0.6593372680023903,-0.49021606267656503,1.5300413063638088
0.4562489257196225,0.3894724083894885,0.4555826144082018,0.9284480103409852
0.1429357201662893,0.9014598135018419,0.9230433123488353,7.454288937042894
0.07301838689405793,0.7246860664711248,-0.0721611564382163,0.34215769061620005
-1.0,1.0,-1.0,20.83235948631425
0.8482514479627676,0.21337751700376573,1.0,8.906551374076965
0.2642516186992432,-0.787377438740605,0.5312803911972286,0.3763837577691883
1.0,-1.0,0.44839206528150055,-7.2236913254675335
1.0,-0.34588781833490345,0.06259431486704048,4.777298031076206
-1.0,0.29380492920214785,-0.8062868817633928,5.926023088975491
0.7269478026081744,0.406749326128681,1.0,7.565662406796012
-0.6563758951641561,1.0,-0.431128303166604,4.261141586872618
-1.0,-0.03274126148749201,0.13501245580462462,-4.842599093831151
-0.0590164301311944,0.2892580005798111,0.029719805748591455,-0.2852681382170296
-0.02582447625996176,-1.0,0.13600544225335365,2.1359864068066168
-0.2292949277517662,-1.0,0.300183621125544,2.6593881534121633
-0.008331954895185012,-1.0,-1.0,-16.556677924464463
-1.0,0.4489338716369642,-0.1807852243157544,-1.7846640088195393
0.14670182202117665,0.24659849998799155,-0.7629075151659466,0.05602347586769371
0.2663998118744455,-0.2414578882753564,-0.016028242028821138,0.7941614992238419
-0.6897446356735866,-0.3154785009208805,-0.38427522040025264,0.4889536155216041
-0.08859394559853961,-0.5232999713660802,-1.0,-5.640920225917296
0.4519601968750955,-0.28919468733317033,0.6846774360644896,0.4043912378727612
0.9672092267218408,0.8937021051430198,-0.3246539145888814,10.268898449234898
-0.346078205778946,-0.9039664104732121,0.48691999644156403,1.6497241205297755
0.41747969846986255,0.9462296912861219,-0.6065592059461538,8.091516582825689
0.6859369559739019,0.3366747352206496,0.891149462291464,4.507407011898497
1.0,0.005413578918263218,-1.0,8.921442522165172
-0.24381069067235295,-0.6345649752200873,-0.022069477508528834,1.6703516829194436
-0.6693543277059111,-1.0,1.0,1.3351498389784155
1.0,0.9678972635480543,0.7720996769804374,18.366651371422947
-1.0,-0.6314332647354102,0.5607142919192087,3.182742664738128
-0.20055732035067497,-1.0,0.18518556394121766,2.789269741073661
0.22560775797593036,0.3450364998077078,0.7480285259444908,0.1006406494119626
1.0,1.0,0.5526025072290768,14.637421341142371
1.0,0.4495565234675829,-0.5260647266397136,5.329879435625182
-1.0,-0.12164669854014587,0.5723425473807389,-3.4533074350571904
1.0,-0.6313693535810603,1.0,3.3521255406004116
0.6260392986143011,-0.11594748733798399,-0.6169246192393814,1.5059203966135326
-0.5968289240660001,0.49871194622884274,0.3459367065512675,-2.361099936870634
-1.0,0.4837669535449982,0.6372707402124069,-3.3038723801795045
1.0,-0.08578114846322338,0.0841266359024262,4.730358635332326
-0.46084657410112895,0.5423413544542659,1.0,4.5083315480679556
-0.09575976150832499,-1.0,1.0,-6.494324609618093
-1.0,0.5013795218997621,-0.33653538895030133,-1.3547893747975217
-0.6931081712645055,-1.0,0.11274991200221729,5.771910060010123
-0.3813356953638032,-0.7810553864900067,-0.2827691467076583,2.0826119044848537
0.5228125610790024,0.25934152225002816,-1.0,-1.953193087969484
-0.46882005573549645,-0.9530939682613682,0.06929251965454974,3.7569685147601297
0.1602422386525364,0.49300412618082645,-0.24931453322090014,0.41659468958454476
-1.0,-0.35225529670246614,0.6748422957035691,-1.0111978620991378
-0.18453589734260079,1.0,0.08020755342810482,6.911238110047524
-0.7718749148125619,-0.38972198832223914,-1.0,2.6795990953020183
-0.157103242436182,-0.9456737083604188,0.8792513449889385,-2.1479717355417876
0.3360902841879154,0.0532476139288951,-0.016420563096451346,1.5919467332809767
-1.0,1.0,0.9518475149403198,12.211883234366693
-1.0,0.9663968877106366,-1.0,20.584634993396428
-0.19411977219382104,-0.7821278473994067,1.0,-2.166802951471466
-0.13509099075645836,1.0,0.13635083774309464,7.770767831559217
-0.6415575828255577,0.8419135068492087,0.5810325832665422,0.5933713591881827
0.37492676064444974,-0.08561968554871191,1.0,-1.4124855882665983
0.015208718050605752,-0.15938197402721177,0.22999588890484213,0.7220507427501678
-0.31562736565868854,-0.41990755126758694,-0.8973736123725866,-1.0911935916600344
0.5189847481618934,0.7338614891386492,-1.0,-2.60693144517038
1.0,-0.04238784732360035,1.0,11.963902041718594
0.05412636822684713,-1.0,-0.41953148311576194,0.7308284110531567
0.8532122359513714,-0.7212420297828401,-0.41455314643083296,1.0035457711492248
-1.0,0.008886657131719211,-0.15420934895363492,-4.270511592023527
-1.0,1.0,-0.305837153003534,11.42138211045374
-1.0,1.0,0.5960974923458422,1.2750537810157427
-0.1831449683642128,-0.24373961573942649,1.0,0.30925367037256674
-0.25733059450385376,0.4911245491571372,-0.3097908594223262,-1.2318751404726347
-0.0014549950257973787,-1.0,1.0,-5.963160726099151
-0.3668347670431673,0.497895178020771,0.08735302877755258,-0.9508984736873629
0.6411576165261161,0.58936235984664,-0.10732962819519476,0.880774831695479
1.0,-0.4630794806973453,0.40321915876781045,5.713862286779734
0.9811512194911927,-0.927419546994348,-0.8823542479552131,-11.195730562128906
-1.0,0.7174679071346706,-0.8570138399775673,10.554795073676996
-1.0,-0.17748034472932006,-0.12581932009869168,-3.705051777331774
-0.6123114728598984,-1.0,-0.26839548811123937,4.010661573718213
0.4023173031241214,0.36437221577786927,1.0,1.7802769353370824
-0.16889712782138888,1.0,0.2259184958146787,7.261706888256126
0.5702563520974226,1.0,-0.10641478633463142,8.52083547131058
-0.3050168876189774,-0.8010055240429901,-0.16947049545412463,2.6433210627126478
0.7756469856302641,1.0,-0.4937590504248388,12.345389827721537
1.0,-1.0,-1.0,-29.65125835249556
-0.3544252078651928,-1.0,0.5200998448391543,2.1388994424318373
0.3667509808965679,0.019655152300750656,-1.0,-2.3764566196976054
0.5557975054266158,0.6040806683716526,0.4733209815113544,1.6050075507130295
-0.7295837065005726,-0.10588935808052469,-0.6800220429041217,0.8645192007743143
0.8470781039114728,-0.6446793263291735,-0.8118959897623852,-0.554384829875992
-0.6786707085926145,-0.9019533432158864,-1.0,-4.774774631863695
-0.40353314325063083,-0.4389425996316978,0.138131656072503,0.8919106315345922
-0.8042445040607236,1.0,0.26656046649534537,2.9319213404505002
-1.0,0.2344365191961486,-0.4748968002278846,-1.6368881850183792
-0.03153442905776194,-0.5382880783392818,0.0730103006595535,1.3850820245193058
-1.0,-0.2189061178638514,0.15189444647888894,-3.0179337592182724
-0.09718763642154316,-0.46676374108336827,-0.1682824501455813,0.9423682601180539
-0.45903287545976346,-0.12795016351813904,0.5359394583917347,-0.6741866168568391
0.04392522635772789,0.4034492852946403,1.0,3.143686529723449
-0.09837927860247886,0.9013655431011669,0.14189280045173436,3.5358587492681863
-0.36969012644431176,1.0,-0.27249022422566216,7.334279117800566
-0.519135148911646,-0.5312681553102261,0.47989907366058326,1.0157972997239417
-0.8462407489259973,-0.9082180915549658,1.0,8.826782457068429
0.3776863426048547,-0.8978116011288493,-0.9792151991612972,-12.99385482560623
-1.0,0.08273251738129606,-1.0,12.043236550320305
0.33636277068577436,0.7646996185681041,-0.7922461547645485,1.2718955724476202
-1.0,-0.7949142538326075,-1.0,4.106567388690175
-0.49102716086720233,0.6641115920544423,0.13109487448041235,-0.09326309270753508
1.0,0.11492682780047425,-0.005640676341867268,5.073145412113468
0.2551321565899738,-0.3117410899798019,-1.0,-4.897112678126975
0.49575193894769876,-0.2680917867478181,-0.5384800630640902,0.79547927129393
-0.13130248184391946,0.4405522031067548,1.0,2.1314933616241
-1.0,-0.5288834815649393,0.6564943171852982,1.785717989157733
0.6857146823694003,-0.1980788496054302,0.0020155684137648233,1.3162347546678284
-0.03996900094518252,0.5258342532653375,-0.35761768360413804,0.1004925134062798
-1.0,0.4992779364152855,1.0,5.562049843087018
0.6250164416703694,0.20944289494893575,-0.3634436773802767,1.007013489188806
1.0,0.7303543665463561,-0.008106097440797155,7.842016954628498
0.424231443786647,0.32654797531591995,1.0,1.3812297362085726
1.0,-1.0,-1.0,-29.852646760491307
1.0,-0.32784788113264285,0.3305876875256839,4.994144501737687
0.431068258155751,-1.0,0.03749530039575211,0.3292472883894448
-0.26173046860015514,-0.3661773502896539,0.856557275095799,0.46719838126691327
1.0,0.5664372854264252,-1.0,13.676322371726812
0.5489962915995019,0.48848359094176175,-1.0,-2.7592512234929
1.0,-1.0,-0.11045389436552067,-8.794430556153808
-0.14115932119315855,-1.0,0.9562071111427553,-4.981822008889437
0.0442001605031912,-0.7321271620903473,0.044992125684081286,1.1459885174486564
0.8782409895192758,0.8524111752786061,-0.5139442786436732,6.8232686417231925
0.3957452431916426,-1.0,1.0,-7.064747504149065
-0.2104010320673102,1.0,-0.2555652444440053,7.950104804140437
-0.716309143824253,1.0,0.08045621328739716,4.318381493680164
0.18617029541505503,0.4298131869815158,0.5857514177884158,0.8241695550202919
0.48452235743782635,0.141243988550124,0.07847712740687163,0.792938897602528
-0.9306854322208251,1.0,0.762748204048789,2.6075658381057303
1.0,1.0,0.3999567905152208,13.54174269420275
0.2672622226563379,0.601468302335223,1.0,3.8499685391964844
1.0,0.46116420187679075,0.3248613506331961,8.1384936988148
-0.4003805312621076,0.28677771157090803,-1.0,-2.196220139756151
-1.0,0.5054784000843537,-1.0,18.1071150441038
1.0,-0.8190643742935602,-1.0,-8.860106736217695
-0.632304793516171,-0.09123583664966906,1.0,1.8786101245388087
-0.4132997492230728,0.6457728940189504,-1.0,-4.554484544652477
0.07678099310417807,0.13863777119185827,0.4082044690885034,0.7469921467782656
-0.10605186495890595,1.0,0.21843112368481976,7.1355555466102185
0.14617223865401563,-0.8416239836361914,-0.6226331935154918,-0.11175841867648903
-0.44859779096437546,0.06540727191156992,1.0,2.170941401555371
1.0,-0.9765072104287731,0.7106279614153075,-4.332393503662706
-0.20735380839302908,1.0,0.46533881856995274,6.792811214588241
0.054909872890093414,0.006704294800448984,0.16650322845810472,0.8502143794257218
1.0,-0.3693897731271143,-0.6320271242338045,5.3833165564732885
-1.0,0.18399905353534307,-0.08863134936944883,-3.9502008901384844
1.0,0.5513958381411139,-0.18690047300267465,5.173858304233795
-0.6012986564417269,1.0,-1.0,0.7218860774968421
0.9628506993580195,1.0,-0.0696641871479915,13.381484497205944
-1.0,-0.5423064947444296,1.0,9.708905041328068
0.985020590674333,-1.0,-0.1898408644573366,-7.872478812458603
-0.9393886026320175,0.9418750215500546,-0.28434361806298103,4.813816644177516
-0.4532694145916938,0.05340100241822143,-1.0,-1.1508931278490924
0.5219180377136776,-1.0,-0.18096053414228175,-0.1106573918342506
0.5642678863595114,-1.0,0.5918582264099614,-0.901632577180713
1.0,-0.4915476808187027,-0.1124973700247549,3.908967254644193
-0.7320021393073257,-0.35672781937780695,-0.18074245904450992,0.32406918869415313
-0.961599705508829,0.2070730639817122,-0.7437236041251221,2.8341808318374544
-0.07367345386303148,1.0,0.4828444982864699,8.027452501076175
-0.26176758768538644,-0.8441499481274224,-0.787260410916242,-2.500586808297328
1.0,-1.0,-0.11623309181691521,-8.185259487058893
-0.5435576044248474,-1.0,-0.8113631337408718,-5.529987206575671
-0.5081369413857317,-0.41259858871248256,-0.5249436168717381,0.8709961912196984
-0.6789311084549594,-1.0,-1.0,-7.690237459822882
-0.30442103747090954,0.07071161038150442,1.0,1.149816348744427
-0.2733463396129181,-0.1542534811272387,-0.3547262528210928,0.33121882394184937
1.0,1.0,-1.0,39.74616733865925
-0.42081547153829724,-0.08217800074175896,-0.6911732501075576,0.5473914679942752
-0.2024802812356914,0.12364140062080997,-0.4348641382828973,0.11903744704849889
-1.0,0.08999592253933186,0.9899357261782891,2.5999393083189886
-0.9376552704155448,1.0,-0.5656877341613606,7.887263874216668
0.813918754153766,1.0,-1.0,17.660042229813634
-0.24187395555473623,1.0,-1.0,2.400439622327085
-1.0,-0.32829188024271394,1.0,7.149410711130832
1.0,-0.016770455529264927,0.0262708327779948,5.157702998424844
0.0024370960808171027,0.17060663490312722,-0.19456887234645004,0.6971703703653236
0.2640125904886701,0.14236678989498808,0.30697055823783703,1.6385162139715037
-0.44993203146394456,0.14102405513849248,0.1535868100932236,-0.7257106717361956
-1.0,-0.9545953698289231,-0.6783163225680482,3.6308099007977352
-0.9694558299485538,0.2852108144070391,0.27686299043660667,-3.891290103201346
0.7516686773428656,0.44488046028542594,0.22592655315662058,2.2604895785100068
