alpha,degree,mean_validation_mse,mean_validation_r2,se_validation_mse,relative_mse_improvement_vs_baseline,paired_mean_mse_improvement_vs_baseline,paired_se_mse_improvement,fold_validation_mse,is_baseline_alpha,final_selected
0.1,10,0.269033863913,0.994036950584,0.00689943809979,-0.0258621333363,-0.0067823827727,0.00187545090143,0.268535197682;0.249207361308;0.293320040159;0.271011209965;0.290534192608;0.255346452352;0.279855281954;0.23628947861;0.299810904435;0.246428520055,False,False
0.3,10,0.263791370342,0.994151500324,0.00644599853443,-0.00587180364277,-0.0015398892021,0.00115147438448,0.26294809303;0.243917924323;0.282416036988;0.264449658703;0.282695661486;0.252680996317;0.27898202217;0.231390406626;0.293468773511;0.244964130268,False,False
0.5,10,0.262319025665,0.994184196251,0.00639678397282,-0.000257556314719,-6.75445248e-05,0.000732713248562,0.261585220133;0.243167005984;0.278902184295;0.263889211729;0.278844682209;0.251067832313;0.279788121357;0.22950700737;0.292579047023;0.243859944236,False,False
0.7,10,0.261935175894,0.994192886866,0.00639798948766,0.00120611423939,0.0003163052457,0.000402494285857,0.261206545352;0.24343649812;0.277364597622;0.264745339953;0.276581994767;0.250169100624;0.281009501335;0.228726621027;0.292559420272;0.243552139872,False,False
1,10,0.26225148114,0.994186115644,0.00640771204781,0,0,0,0.261409030885;0.244546584544;0.276568809711;0.266894819254;0.274645053204;0.249633083915;0.283165612918;0.228686763042;0.292978469583;0.243986584345,True,True
1.5,10,0.263829044978,0.994151448634,0.00641006684306,-0.00601546206963,-0.0015775638373,0.000531496991053,0.262616901422;0.247134213234;0.276958740286;0.271118906198;0.273362127021;0.249936454435;0.287108611691;0.230133872634;0.294001078907;0.245919543946,False,False
2,10,0.265981061153,0.994104001623,0.0064011667277,-0.0142213877948,-0.0037295800131,0.000965598595205,0.264255479317;0.250112281284;0.278302730162;0.275460784696;0.273333292392;0.2510525723;0.291189068025;0.232430008873;0.295124954079;0.248549440404,False,False
3,10,0.270960002766,0.993994149765,0.00638196263019,-0.0332067585967,-0.0087085216259,0.00167887928113,0.267923338205;0.25659455435;0.282240828402;0.28391398927;0.27512128785;0.254528368251;0.299315497122;0.2378865826;0.297464783678;0.254610797932,False,False
5,10,0.281750391939,0.993756114852,0.00640379745892,-0.0743519568078,-0.0194989107985,0.00280407267114,0.275476596681;0.270472778185;0.292160835878;0.299651591922;0.281864374824;0.263673729913;0.314761978247;0.24933412617;0.302463946991;0.267643960575,False,False
