family,degree,alpha,polynomial_terms,mean_validation_mse,std_validation_mse,se_validation_mse,mean_validation_r2,std_validation_r2,mean_training_mse,mean_training_r2,fold_validation_mse,fold_validation_r2,within_one_se_of_best,selected
Ridge,11,1,363,0.260706497179,0.0230666313453,0.00729430929986,0.994226891178,0.000848273861227,0.168719601624,0.996337892547,0.265154804092;0.235057421977;0.278484384249;0.264388080241;0.273026390963;0.246915481287;0.289766369749;0.229483711697;0.290804977315;0.233983350224,0.993038858883;0.99522298123;0.995329277177;0.99338568992;0.993689776318;0.994143156272;0.995020880496;0.995028719181;0.993571392164;0.993838180142,True,False
Ridge,12,1,454,0.261946672654,0.0249897580745,0.00790245536919,0.994196703613,0.000896448720112,0.163511191176,0.996450949934,0.266345176143;0.235716848969;0.290491940954;0.267122188571;0.271320409447;0.247361168217;0.278753910664;0.222708137559;0.300027657752;0.239619288266,0.993007607902;0.995209579845;0.99512788718;0.993317289558;0.993729205198;0.994132584563;0.995210110012;0.995175497711;0.993367513275;0.993689760885,True,False
Ridge,10,1,285,0.26225148114,0.0202629646616,0.00640771204781,0.994186115644,0.000861961840049,0.176045551226,0.996178847408,0.261409030885;0.244546584544;0.276568809711;0.266894819254;0.274645053204;0.249633083915;0.283165612918;0.228686763042;0.292978469583;0.243986584345,0.99313719712;0.995030135128;0.995361405074;0.993322977754;0.993652365572;0.994078694644;0.995134302758;0.995045983394;0.993523344398;0.9935747506,True,True
Ridge,13,1,559,0.265788672266,0.0263568031557,0.00833475298126,0.994117736541,0.000883958211296,0.158858961325,0.996551917948,0.272870127277;0.237869007899;0.296685017935;0.269650155851;0.28107904096;0.250553553774;0.284924445243;0.232193260936;0.301330692214;0.230731420569,0.992836307571;0.995165842006;0.995024017277;0.993254046316;0.993503662358;0.994056861067;0.995104080354;0.994970022509;0.993338708068;0.993923817879,True,False
Ridge,10,0.1,285,0.269033863913,0.0218179389707,0.00689943809979,0.994036950584,0.000887124947161,0.155944464721,0.99661476446,0.268535197682;0.249207361308;0.293320040159;0.271011209965;0.290534192608;0.255346452352;0.279855281954;0.23628947861;0.299810904435;0.246428520055,0.992950113001;0.994935415217;0.995080454476;0.993219996241;0.993285133586;0.993943173348;0.995191184906;0.994881286589;0.993372304878;0.993510443598,False,False
Ridge,9,0.1,219,0.273008144739,0.0190559233118,0.00602601205829,0.993949570754,0.000855999439921,0.1667154857,0.996380835573,0.273541537481;0.251681370809;0.279704306402;0.266327684903;0.302087515865;0.261741575201;0.302287802326;0.257194688913;0.284911534015;0.250603431471,0.992818680958;0.994885136482;0.995308816718;0.993337165998;0.993018111583;0.993791480813;0.994805721956;0.99442841928;0.993701674101;0.993400499655,False,False
Ridge,14,1,679,0.274509929039,0.0277469128217,0.00877434425548,0.993920841567,0.000947763675525,0.155546343722,0.996623926117,0.281811361772;0.244375250798;0.31187492015;0.287983615881;0.279231028929;0.255541425038;0.287707015566;0.238779069544;0.31438350835;0.243412094366,0.992601572261;0.995033617105;0.994769253179;0.992795390277;0.993546373868;0.993938548589;0.995056266834;0.99482735485;0.993050159237;0.993589879471,False,False
Ridge,11,0.1,363,0.274517665509,0.0253161354196,0.00800566494794,0.993923129595,0.000897694479477,0.147479602645,0.996798619491,0.282162933283;0.250654852787;0.300072356586;0.267501420725;0.308952768356;0.256759996844;0.29245138192;0.248811017546;0.299657529678;0.238152397363,0.992592342412;0.994905998175;0.994967205043;0.993307802145;0.992859440918;0.993909644024;0.994974743339;0.994610033846;0.993375695419;0.993728390631,False,False
Ridge,8,0.1,164,0.280076190808,0.0165183625235,0.00522356487905,0.993783962778,0.000907468931231,0.185030164923,0.995983088147,0.273908809256;0.273012426414;0.278104318491;0.278981791364;0.30608587399;0.271616223302;0.300143421229;0.256322855126;0.299247707784;0.263338481123,0.992809038927;0.994451630268;0.995335651616;0.993020592785;0.992925700977;0.99355725382;0.99484256933;0.994447305721;0.993384755044;0.993065129289,False,False
Ridge,14,10,679,0.280156605191,0.0310054592941,0.00980478712691,0.993796390286,0.00100228466656,0.198159596623,0.995699382065,0.282508326721;0.262004712121;0.300684057486;0.295000717589;0.274385262412;0.259907012438;0.317527586013;0.221271542917;0.325578228398;0.26269860582,0.992583274756;0.994675337554;0.994956945634;0.992619840432;0.993658369893;0.993834996705;0.994543853388;0.995206618505;0.992802685945;0.993081980045,False,False
Ridge,13,10,559,0.281361711175,0.0301910308521,0.00954724224011,0.993770945857,0.000984198969503,0.2025331098,0.99560462414,0.284847233534;0.262259621951;0.296593586255;0.3014523678;0.272677464849;0.260912996271;0.32483970548;0.230462884693;0.321990319597;0.257580931319,0.992521871153;0.994670157079;0.995025550764;0.99245843673;0.993697840746;0.993811134734;0.994418207625;0.995007507463;0.992882001158;0.993216751123,False,False
Ridge,8,0.01,164,0.281478322439,0.0177783719822,0.00562201485534,0.993741928378,0.000997679015055,0.17799984463,0.996135135612,0.272070495882;0.272012943003;0.276805550933;0.28344105789;0.309467752836;0.273815023446;0.293648058235;0.250274291498;0.306970814973;0.276277235695,0.992857300391;0.994471942543;0.995357434465;0.9929090334;0.992847538526;0.993505098205;0.994954180586;0.994578335101;0.993214026098;0.992724394468,False,False
Ridge,12,10,454,0.282020977149,0.0278390635657,0.00880348487937,0.99375614077,0.000951175310484,0.20631247405,0.995522554557,0.276017743943;0.267550522569;0.298679363849;0.301673537792;0.277667389903;0.259660329398;0.32214593782;0.231947541495;0.317058891501;0.267808513216,0.99275367281;0.994562631303;0.994990568231;0.992452903625;0.993582512909;0.993840848035;0.99446449523;0.994975345503;0.992991016546;0.992947413509,False,False
Ridge,15,1,815,0.282099403465,0.0284841254065,0.00900747134426,0.99375674092,0.000946734945311,0.151728101998,0.996706743546,0.289001352189;0.251206859885;0.321699700737;0.29346012447;0.298300528119;0.262720348867;0.29256867017;0.254908374061;0.317876208531;0.239251867626,0.992412812574;0.99489477986;0.994604472568;0.992658382112;0.993105636967;0.993768264268;0.99497272795;0.994477947471;0.99297294873;0.993699436701,False,False
Ridge,9,0.01,219,0.282220997224,0.0189665640377,0.00599775417467,0.993732590548,0.00097753347999,0.155595465469,0.996621533127,0.294192847769;0.263541818979;0.287772308475;0.272832293678;0.319563579848;0.270552826216;0.297572654537;0.264801238728;0.291041661445;0.260338742564,0.992276519613;0.994644099279;0.995173500687;0.993174437408;0.992614202376;0.993582477635;0.994886743381;0.994263639414;0.993566159965;0.993144125716,False,False
Ridge,9,1,219,0.282315956123,0.0193184824451,0.00610904054645,0.993746648586,0.000856833621552,0.189612754787,0.995884427382,0.283491309461;0.257392951795;0.291251296103;0.288717671782;0.287873325973;0.264261056805;0.323683731101;0.270462213386;0.29161034439;0.26441566043,0.992557468391;0.994769061315;0.995115151323;0.992777026086;0.993346631904;0.993731718623;0.994438070988;0.994141006333;0.993553588517;0.993036762378,False,False
Ridge,15,10,815,0.282926460852,0.0323019220596,0.010214764651,0.993737191775,0.00101676931977,0.196455223251,0.99573642647,0.292145775124;0.263066786798;0.304161917879;0.298130378145;0.27262704988;0.264151412146;0.322570089479;0.225906794162;0.33022881326;0.256275591643,0.992330261658;0.99465375325;0.994898615175;0.992541544371;0.993699005944;0.993734319398;0.994457206938;0.995106205559;0.992699878949;0.993251126509,False,False
OLS,8,,164,0.284970838003,0.0178625341259,0.00564862926203,0.993656292255,0.00106298073027,0.177224789459,0.996151872969,0.275436910577;0.275441706621;0.27747829487;0.293623105162;0.308944052101;0.275901791999;0.293403779932;0.251117078519;0.31103260635;0.287329053899,0.992768921499;0.994402260556;0.995346151245;0.992654304754;0.992859642369;0.993455599983;0.994958378074;0.994560077897;0.993124235118;0.992433351055,False,False
Ridge,16,10,968,0.286175333002,0.0315522270708,0.00997769027945,0.993659677408,0.00104996676511,0.193553297503,0.995799324389,0.297615920892;0.264451137284;0.309201699439;0.297575531797;0.276793705516;0.265070906586;0.320102277062;0.228527953593;0.33465335339;0.267760844464,0.99218665326;0.994625619409;0.994814088271;0.9925554252;0.993602705623;0.993712508958;0.994499611904;0.995049423666;0.992602068954;0.992948668839,False,False
Ridge,12,0.1,454,0.286500572459,0.0276640069433,0.00874812711476,0.993664533727,0.000906531263777,0.142403975794,0.996909091054,0.291078702063;0.265371948295;0.324683845521;0.297543913456;0.293640600471;0.263036589757;0.3023112389;0.258094975486;0.324464945719;0.24477896492,0.992358275656;0.994606905975;0.994554422677;0.99255621621;0.993213337859;0.993760763023;0.99480531924;0.994408916469;0.992827296452;0.993553883704,False,False
Ridge,10,0.01,285,0.289615160793,0.0256488046369,0.00811086419133,0.993584393561,0.000965176067327,0.141930145123,0.996918792551,0.297180930219;0.27456865341;0.321236891866;0.30182119193;0.289577798758;0.267498612457;0.29809903605;0.257686569132;0.332088293562;0.256393630547,0.992198073123;0.994420003419;0.99461223477;0.992449209698;0.993307237893;0.993654923691;0.994877698452;0.994417763732;0.99265877281;0.993248018021,False,False
Ridge,17,10,1139,0.289773195849,0.0322248070906,0.0101903787566,0.993584611126,0.0010389653233,0.191900373008,0.995835220644,0.303834135935;0.267365908862;0.314839794508;0.302151883954;0.277406851622;0.269339089101;0.325561082759;0.236677293585;0.338836057573;0.261719860592,0.992023405709;0.994566383166;0.99471952649;0.992440936634;0.993588534506;0.993611267522;0.99440581204;0.994872885395;0.992509605045;0.99310775475,False,False
Ridge,18,10,1329,0.295305715249,0.0312145524933,0.00987090820217,0.993453798842,0.00109267988041,0.189656663875,0.995883909879,0.312976546946;0.268703960701;0.319103286255;0.30696885965;0.282110154292;0.271231593176;0.326516555777;0.245222231673;0.344552223576;0.275671740444,0.991783388888;0.994539190241;0.994648019471;0.992320428286;0.993479831124;0.99356637726;0.994389393936;0.994687777326;0.992383242044;0.992740339845,False,False
Ridge,16,1,968,0.295644737292,0.0301378745434,0.00953043273936,0.993452133647,0.00103727456848,0.14917128562,0.996762388342,0.299538813804;0.262834465356;0.335791448748;0.32663904865;0.297841270601;0.2728165341;0.306835938239;0.26650597775;0.332575213068;0.2550686626,0.99213617132;0.994658474666;0.994368126645;0.991828330725;0.99311625139;0.993528782406;0.994727570332;0.994226709837;0.992648008846;0.993282910306,False,False
Ridge,11,10,363,0.29601346478,0.0253516208432,0.00801688642415,0.993445138047,0.000953815959339,0.216987761496,0.99529099016,0.291879496773;0.277162705885;0.307380979585;0.320477844451;0.287841281422;0.272850607516;0.343342904578;0.263026429881;0.317374274353;0.278798123355,0.992337252296;0.994367285078;0.994844625272;0.991982468215;0.993347372522;0.993527974184;0.99410026307;0.994302086906;0.992984044613;0.99265800831,False,False
Ridge,19,10,1539,0.299310567041,0.0315895961189,0.00998950741004,0.993370539513,0.00107015935706,0.187905964394,0.995921885023,0.315475643185;0.27232479909;0.325783937661;0.313484072265;0.285548392508;0.275973984266;0.331105220969;0.254484732794;0.349019264379;0.269905623295,0.991717779813;0.994465604763;0.994535972;0.992157434415;0.993400366087;0.99345388758;0.994310545889;0.994487124766;0.992284492519;0.992892187295,False,False
OLS,9,,219,0.299935700353,0.0175672537631,0.00555525341256,0.993312318281,0.00120626234981,0.152571696004,0.9966867888,0.339586553156;0.278535487413;0.29829400643;0.282230858655;0.317007249147;0.289670899373;0.299949158493;0.296007950252;0.30197975689;0.296095083721,0.991084793179;0.99433938635;0.994997031422;0.992939309474;0.992673284645;0.993128996281;0.994845907389;0.993587611799;0.993324359681;0.992202502593,False,False
Ridge,8,1,164,0.301187663398,0.0131692922998,0.00416449588398,0.993315426991,0.000948955453526,0.212025430639,0.99539779343,0.299228279402;0.296468642953;0.299271609078;0.315950751457;0.305056766617;0.291005728769;0.329098320143;0.290081100379;0.30161459247;0.284100842707,0.992144323818;0.99397493489;0.994980635131;0.992095724443;0.992949485849;0.993097334082;0.994345030909;0.993716004506;0.993332432097;0.99251836418,False,False
Ridge,13,0.1,559,0.302919330652,0.0266901900695,0.00844017918023,0.99329913707,0.00094053669773,0.136383491276,0.997039644092,0.315329565999;0.275268361948;0.339502018839;0.29814597663;0.32545473704;0.276480067032;0.321867950759;0.286546053231;0.328325674578;0.262272900461,0.991721614795;0.994405783401;0.994305893193;0.992541154137;0.992478045137;0.993441883279;0.994469271943;0.99379258385;0.99274195021;0.993093190756,False,False
Ridge,20,10,1770,0.306691607632,0.0312332496325,0.00987682075673,0.993198018176,0.00114260182437,0.186105299626,0.99596099854,0.325732540801;0.273319356705;0.330497768992;0.324445421701;0.291184268792;0.279644534647;0.33583217755;0.265584321271;0.355960900387;0.284714785472,0.99144850424;0.994445392593;0.994456911913;0.991883209632;0.993270108936;0.993366821998;0.994229321551;0.994246675582;0.992131038971;0.992502196343,False,False
Ridge,17,1,1139,0.306908052723,0.030710808201,0.00971161026997,0.993199850221,0.00108627720295,0.145894043413,0.996833400843,0.309408183938;0.268997855761;0.347618626018;0.339816711744;0.323141316169;0.284583344239;0.312510112076;0.286577690647;0.336598270511;0.259828416123,0.991877069554;0.994533217479;0.994169761961;0.991498659471;0.99253151324;0.993249673264;0.994630069751;0.993791898492;0.992559074128;0.993157564875,False,False
Ridge,10,10,285,0.309027618535,0.0216969907745,0.00686119092191,0.993154392487,0.000960942433053,0.231142421678,0.994983657147,0.293872312189;0.30590570369;0.320147324319;0.334435062311;0.303581771814;0.289568973202;0.34914183913;0.276150585502;0.316789353046;0.300683260145,0.992284934672;0.993783147641;0.994630508929;0.991633294505;0.992983576132;0.993131413973;0.994000618698;0.994017779743;0.99299697503;0.992081675548,False,False
Ridge,11,0.01,363,0.31569758118,0.0264355886114,0.00835966712992,0.993013964416,0.000992378830909,0.130339127503,0.997170765092,0.342623477404;0.286023955743;0.350629357542;0.296005098329;0.320148582473;0.29238926395;0.348619006734;0.296481090064;0.334753500053;0.289302479505,0.99100506444;0.994187199903;0.994119266158;0.992594713408;0.992600681715;0.99306451658;0.994009602642;0.993577362222;0.992599855087;0.992381382002,False,False
Ridge,14,0.1,679,0.325849327765,0.0304956696425,0.00964357748422,0.992805642903,0.000939875555465,0.132626421292,0.997121482839,0.327552868544;0.311502232162;0.363319845603;0.350285556626;0.30816582173;0.294929998558;0.362804298708;0.311186837026;0.353406077522;0.275339741174,0.991400714956;0.99366941066;0.99390642208;0.991236755886;0.992877628937;0.993004250267;0.993765853638;0.993258793217;0.992187516526;0.992749082859,False,False
Ridge,18,1,1329,0.326037837343,0.0353034968691,0.0111639459475,0.992771069206,0.00124821029229,0.143713308017,0.996880872279,0.319715477752;0.287584720591;0.361254155471;0.391308249558;0.326522230331;0.302821223222;0.340321656676;0.300535362676;0.350987770656;0.279327526494,0.991606470923;0.994155480833;0.993941067706;0.990210473569;0.992453373085;0.992817070146;0.99415217784;0.993489534953;0.992240976225;0.992644066776,False,False
Ridge,19,1,1539,0.341715156623,0.0382573870611,0.012098048044,0.992409417318,0.00141315639146,0.140873975754,0.996942352395,0.335466870807;0.290476735793;0.373447453319;0.419716328117;0.356338988181;0.323112951208;0.348949045202;0.321946133745;0.353644805919;0.294052253938,0.991192947698;0.994096707063;0.993736562471;0.989499776475;0.991764244056;0.992335749659;0.994003931518;0.993025715736;0.992182239136;0.992256299365,False,False
Ridge,15,0.1,815,0.351407459235,0.0267039441697,0.00844452860863,0.992221605153,0.00107890279811,0.128106634577,0.997219351276,0.365705021251;0.319960917301;0.379284748454;0.365836821017;0.350022523872;0.316442087118;0.394674604319;0.346138247922;0.357442955835;0.318566665257,0.99039910188;0.993497506717;0.993638659719;0.99084770323;0.991910231052;0.992493982785;0.993218219141;0.992501644584;0.992098276281;0.991610726138,False,False
Ridge,12,0.01,454,0.353508147156,0.0378324300307,0.0119636648316,0.992208687658,0.00098736203133,0.124364423389,0.997300759177,0.368832933227;0.347846645411;0.393566349957;0.365759070476;0.300426476252;0.325814484895;0.416747067257;0.344837325709;0.371412901045;0.299838217335,0.990316984429;0.992930791378;0.993399129584;0.990849648348;0.99305650176;0.992271669186;0.992838943137;0.992529826321;0.991789453165;0.992103929275,False,False
Ridge,7,0.01,119,0.359723398439,0.0289730951786,0.00916209716291,0.992022575427,0.0012088730183,0.238523544885,0.994821954013,0.368361609797;0.317659992874;0.362244409327;0.360071577704;0.36728151265;0.343713063879;0.427090193504;0.361893735896;0.330637254368;0.358280634389,0.99032935814;0.993544267883;0.99392445923;0.990991934796;0.991511338919;0.991847114276;0.992661214915;0.992160335153;0.992690849847;0.990564881109,False,False
Ridge,7,0.1,119,0.360196078835,0.0276778422254,0.00875250221512,0.992010619615,0.001211290131,0.241945106336,0.994747633817,0.367455453084;0.31712355947;0.367487904466;0.366284826199;0.364994257903;0.347093442179;0.419116374791;0.369937391095;0.326810723497;0.355656855666,0.990353147581;0.993555169698;0.993836515655;0.990836495292;0.991564202266;0.991766931586;0.992798230803;0.99198608632;0.992775440099;0.990633976846,False,False
OLS,7,,119,0.360600369618,0.0295685151129,0.0093503854786,0.992004695439,0.00120475641533,0.238401691807,0.994824604701,0.36887087307;0.319541305941;0.362449934117;0.359850139225;0.367740959966;0.344474478161;0.431023051488;0.36091384994;0.331639255008;0.359499849262,0.990315988389;0.993506034384;0.993921012181;0.990997474617;0.991500720109;0.991829053503;0.992593635748;0.992181562316;0.992668699369;0.990532773772,False,False
Ridge,20,1,1770,0.368232447517,0.0524691991725,0.016592217639,0.991814826764,0.00176244847834,0.138907906409,0.996985142755,0.34490627823;0.316127550538;0.387567977182;0.497840993514;0.365835047494;0.357218478364;0.391724568487;0.338106572435;0.367285834953;0.315711173972,0.990945133794;0.993575411362;0.99349973392;0.987545298189;0.991544769821;0.991526765379;0.993268910258;0.992675633901;0.991880687124;0.991685923894,False,False
Ridge,9,10,219,0.368304330664,0.0277943008088,0.00878932965276,0.991852135631,0.00108554213109,0.271848772101,0.994100255548,0.334729231052;0.362376300523;0.38786443068;0.399837101717;0.357311550585;0.359226804756;0.4250324654;0.352285149938;0.341795576193;0.362584695797,0.991212313044;0.992635508487;0.993494761821;0.989997103614;0.99174176606;0.991479127808;0.992696573312;0.992368484911;0.992444181183;0.990451536074,False,False
OLS,10,,285,0.383115591895,0.0418269281419,0.0132268360457,0.991450581461,0.00181211581745,0.133153652219,0.997108595499,0.415424280496;0.379041529454;0.383349507925;0.472655424596;0.365056325241;0.334469327766;0.39382978054;0.321384384756;0.387941019466;0.378004338706,0.989093816158;0.992296824812;0.993570485825;0.988175376377;0.991562767757;0.992066376015;0.993232735934;0.993037884844;0.99142407843;0.990045468455,False,False
Ridge,16,0.1,968,0.389174523166,0.046064505486,0.0145668756625,0.991410516172,0.00125919854275,0.124840479472,0.997290500694,0.379497826048;0.376258379876;0.40666922074;0.452686275884;0.339297447228;0.358626551609;0.479505987472;0.38298690313;0.379879817896;0.336336821777,0.990036997709;0.992353386131;0.993179369048;0.988674953141;0.992158110506;0.991493365833;0.991760542756;0.991703396153;0.991602281375;0.991142759066,False,False
Ridge,13,0.01,559,0.397802047596,0.0436399871758,0.0138001756536,0.991210272132,0.00131018701874,0.118094604063,0.997436661667,0.445711608635;0.371994494069;0.422498664336;0.393068113749;0.348706620885;0.361761682181;0.487633911953;0.406713359182;0.378279052803;0.361652968171,0.988298679272;0.992440040117;0.992913878602;0.990166446291;0.991940644384;0.991419000428;0.991620878835;0.991189412503;0.99163766829;0.990476072597,False,False
Ridge,7,1,119,0.411860837244,0.0366711492337,0.0115964355994,0.990888410826,0.00127964518873,0.286734845895,0.993776057514,0.383337974928;0.39093269226;0.434147294537;0.44188059773;0.400081900619;0.423337810261;0.476104122734;0.43086359782;0.346444338001;0.39147804355,0.989936181816;0.992055163403;0.992718508498;0.988945283429;0.990753251818;0.989958412547;0.991818997749;0.990666248496;0.992341414488;0.98969064602,False,False
Ridge,17,0.1,1139,0.423310716564,0.0515105529955,0.0162890671,0.990616212827,0.00164704274051,0.121230238999,0.997368698373,0.43816058735;0.378055332578;0.416255956494;0.492982887616;0.389280037348;0.394296141353;0.533134297509;0.413345162388;0.379720449985;0.397876313021,0.988496917146;0.992316867068;0.99301858091;0.98766683551;0.991002905975;0.990647281934;0.990839035665;0.991045748467;0.991605804402;0.989522151194,False,False
Ridge,8,10,164,0.429916808725,0.0384804169253,0.0121685762797,0.990480276444,0.00140683266707,0.326724245667,0.992908500219,0.37245912187;0.472821787537;0.429589352887;0.473315164343;0.420291568235;0.440748876239;0.479255597828;0.41803263977;0.371238601195;0.421415377347,0.99022178566;0.990390949859;0.992794954013;0.988158871384;0.990286163187;0.989545421462;0.991764845256;0.990944204152;0.991793306281;0.988902263182,False,False
Ridge,14,0.01,679,0.466414960179,0.0813282503421,0.0257182509197,0.989739219878,0.00174426671898,0.113168945102,0.997543879986,0.47319196836;0.461655623814;0.469502912317;0.529549864324;0.350078865166;0.446682879311;0.639666487862;0.502176517403;0.407640477011;0.384004006226,0.987577234067;0.990617877276;0.992125526269;0.986752023759;0.991908928885;0.989404666704;0.989008469519;0.989121404434;0.990988597275;0.989887470588,False,False
Ridge,18,0.1,1329,0.48186194085,0.0966990915539,0.030578937698,0.98935200623,0.00236185492604,0.11829717998,0.997432550946,0.44885026947;0.443282202569;0.449024250418;0.639079730184;0.391100506192;0.495207384255;0.671385885899;0.46637484211;0.402361644818;0.411952692588,0.98821627963;0.990991276157;0.992468993117;0.984011868094;0.990960831048;0.988253663774;0.988463428099;0.989896972253;0.991105292465;0.98915145766,False,False
Ridge,17,100,1139,0.488559431841,0.0489943727437,0.0154933810402,0.98916688674,0.00181049016899,0.390410641172,0.991527976547,0.493366802616;0.480025429013;0.508335834799;0.54105140574;0.440651956743;0.443020517791;0.575244018184;0.409585659947;0.490308840809;0.504003852765,0.987047581705;0.990244551884;0.991474222901;0.986464284761;0.989815591074;0.989491538046;0.990115455038;0.991127190162;0.989161109671;0.986727342157,False,False
Ridge,18,100,1329,0.489762497421,0.050116596887,0.0158482594739,0.989138508543,0.00183948610337,0.38600358945,0.991623314916,0.488830340073;0.4804107778;0.507262497976;0.54070922049;0.448288970811;0.442470917827;0.579672733012;0.40645909615;0.488584984979;0.514935435092,0.987166678005;0.990236720528;0.99149222484;0.986472845356;0.98963908335;0.989504574576;0.990039355453;0.991194920575;0.989199217661;0.986439465088,False,False
Ridge,19,100,1539,0.490297486289,0.0493332244032,0.0156005353434,0.989121348323,0.00186057411412,0.383214532943,0.99168390695,0.501261309787;0.482194859964;0.501696321114;0.539648685317;0.446715801945;0.446233029217;0.578831289885;0.405661993377;0.493038131017;0.507693441272,0.986840326254;0.99020046303;0.991585580413;0.986499377219;0.989675442646;0.989415337164;0.990053814156;0.991212188126;0.989100775297;0.98663017892,False,False
Ridge,16,100,968,0.491926164993,0.0504329151172,0.0159482880812,0.989100601244,0.00178820505482,0.395957898563,0.991407632793,0.481814606353;0.480710578383;0.522598783243;0.54657664856;0.445017399245;0.443731527076;0.58039630536;0.415884665913;0.486621237268;0.515909898532,0.98735086291;0.990230627749;0.991235005615;0.986326057389;0.989714696364;0.989474672881;0.99002692215;0.990990735477;0.989242628761;0.986413803141,False,False
Ridge,20,100,1770,0.492617923375,0.0492567755396,0.0155763600901,0.989061054669,0.00192524883127,0.379519963505,0.991763778261,0.502281909798;0.483430880119;0.49833829251;0.538163234195;0.455760610223;0.446205246587;0.579610621142;0.406132028592;0.492161023008;0.524095387574,0.986813532319;0.990175343672;0.991641901061;0.986536539388;0.989466397787;0.989415996169;0.990040422735;0.991202005804;0.989120164866;0.986198242894,False,False
Ridge,15,100,815,0.493245891144,0.0476451495337,0.0150667191986,0.989066490508,0.00178855042161,0.402015032951,0.991276299586,0.490227462552;0.484124580605;0.522307119018;0.546696616035;0.441574246677;0.445611044161;0.573735271262;0.423950378944;0.4907167231;0.513515469088,0.987129999179;0.990161245754;0.991239897389;0.986323056112;0.989794274982;0.989430090671;0.990141380169;0.990816008808;0.989152092923;0.986476859093,False,False
Ridge,14,100,679,0.506414380257,0.0508667481253,0.0160854781242,0.988784718798,0.001800951404,0.414832291239,0.990998322118,0.484939037296;0.495741896082;0.549357337414;0.562979410084;0.456271656404;0.457675626137;0.590067696122;0.438253638116;0.492000434588;0.536857070322,0.987268836847;0.989925149682;0.990786212803;0.985915702464;0.989454586417;0.989143918371;0.989860736507;0.990506158852;0.989123714874;0.98586217116,False,False
Ridge,13,100,559,0.516305723481,0.0480927755648,0.0152082709784,0.988558707018,0.00183687890931,0.426392394763,0.99074719212,0.497556015987;0.510756737007;0.55581438164;0.569006009527;0.463048751673;0.465999948395;0.591596858298;0.455786149187;0.502463668017;0.551028715079,0.98693760178;0.989620006469;0.990677915658;0.985764932439;0.989297953254;0.98894646516;0.989834460576;0.990126353962;0.988892412009;0.98548896887,False,False
Ridge,15,0.01,815,0.525289882717,0.101515869393,0.0321021365935,0.988367796229,0.00257103139918,0.108045653661,0.99765485773,0.603832240415;0.468391765668;0.474783842017;0.597058707693;0.41806526966;0.51807776752;0.734954408838;0.570492700632;0.408289877779;0.458952246953,0.984147519216;0.99048098019;0.992036954844;0.985063126049;0.990337617708;0.987711177495;0.987371116136;0.987641478348;0.990974241459;0.987913750844,False,False
OLS,6,,83,0.526428664748,0.0347752465402,0.0109968985261,0.988258458008,0.00212520698323,0.397977756772,0.991357315483,0.527702805779;0.536210636251;0.489114877869;0.586983865375;0.495173676296;0.566506744265;0.537290758844;0.536213612257;0.473363660607;0.515726009934,0.986146154464;0.989102712638;0.991796595599;0.985315172703;0.988555477557;0.986562440497;0.990767614272;0.988384062531;0.989535704079;0.986418645744,False,False
Ridge,6,0.01,83,0.5264971703,0.0349041448593,0.0110376597536,0.988257954959,0.00212041423558,0.397994370518,0.99135695509,0.527224172042;0.536763110857;0.489610424899;0.586777051844;0.495232649254;0.566938446138;0.537706594191;0.536818139232;0.472728221251;0.515172893291,0.986158720094;0.989091484822;0.991788284315;0.985320346646;0.988554114565;0.986552200513;0.990760468881;0.988370966728;0.989549751261;0.98643321176,False,False
Ridge,19,0.1,1539,0.527235167203,0.117702744565,0.037220875968,0.98828285953,0.00306929360701,0.115369062876,0.997496008665,0.536380762601;0.43998545158;0.45046927407;0.714100516454;0.449296846792;0.558763427235;0.750014571;0.48652143915;0.400007475574;0.486811907579,0.985918331015;0.99105827528;0.99244475727;0.982135040884;0.989615789181;0.986746112244;0.987112334044;0.989460538701;0.991157334321;0.987180082359,False,False
Ridge,6,0.1,83,0.528517348619,0.036532479636,0.0115525844223,0.988221713231,0.00208801297197,0.399334772408,0.991327878919,0.523599534956;0.543525579483;0.494803137731;0.587318075491;0.497420869649;0.57228527837;0.542772658174;0.54303398162;0.46857287404;0.511841496676,0.986253878129;0.988954052703;0.991701192457;0.985306811625;0.988503540113;0.986425373469;0.990673417586;0.988236313607;0.989641610409;0.986520942215,False,False
Ridge,12,100,454,0.555232964581,0.0545628572108,0.0172542904433,0.987703524172,0.00196771902801,0.458522471031,0.990050123724,0.513789057554;0.554133174505;0.601053207627;0.6166253355;0.507903646767;0.506547820025;0.640707301399;0.491065185396;0.520739427559;0.599765489479,0.986511433778;0.988738476951;0.989919172874;0.984573619323;0.98826126072;0.987984668247;0.98899058499;0.989362108017;0.988488403481;0.984205513342,False,False
Ridge,6,1,83,0.582838074127,0.0605231429611,0.0191390982909,0.987072674677,0.00215363112124,0.442815020245,0.990384826566,0.517005126864;0.641203288928;0.562531361324;0.649797582684;0.558025658931;0.64909579119;0.624765579408;0.609251992396;0.478574711956;0.538129647593,0.986427001922;0.986968970728;0.990565258891;0.983743734978;0.987102833847;0.984603425457;0.989264515118;0.986801840004;0.989420507269;0.985828658554,False,False
Ridge,11,100,363,0.596724585725,0.0613604470594,0.0194038770954,0.986790514068,0.00212343175927,0.491253277035,0.989339202372,0.541159224958;0.606718323626;0.647354120213;0.655533847444;0.542032908089;0.543171148489;0.690918650938;0.534350061299;0.548343165661;0.657664406537,0.985792881465;0.98766980087;0.989142616839;0.98360022838;0.987472460515;0.987115961633;0.988127792285;0.988424432434;0.987878188316;0.982680777943,False,False
OLS,11,,363,0.601686731503,0.20323170441,0.0642675078693,0.986612805316,0.00522500006454,0.110815377727,0.997594084156,0.913385066511;0.449927109556;0.667102811853;0.545961930466;0.359747723133;0.442698628651;0.653222692534;0.966383150477;0.447635337415;0.570802864432,0.976020791462;0.990856233216;0.988811393008;0.986341436056;0.991685460903;0.989499173267;0.988775530261;0.979065346365;0.99010446085;0.984968227774,False,False
Ridge,20,0.1,1770,0.612463508207,0.195016338704,0.061669581125,0.986417029803,0.00466916571406,0.112796630828,0.997551968851,0.538817032166;0.50109644977;0.487211085727;0.941568286078;0.466815282915;0.771823100117;0.93230470664;0.567694099696;0.425256529941;0.492048509019,0.985854371336;0.9898163303;0.991828525883;0.976444382061;0.989210900664;0.981692329458;0.983980002399;0.987702104137;0.990599172387;0.987042179407,False,False
Ridge,16,0.01,968,0.640284937468,0.179631820211,0.0568045692107,0.985835738812,0.00410115341328,0.103807370281,0.997746986888,0.62334867067;0.551608672903;0.518353870912;0.842348524191;0.435157886652;0.748039798789;0.975758945133;0.731434108631;0.434161452164;0.542637444633,0.983635152014;0.988789781825;0.991306201021;0.97892660543;0.989942570782;0.982256470185;0.983233318626;0.984155022039;0.99040231794;0.985709948255,False,False
Ridge,7,10,119,0.672182590167,0.107398826887,0.0339624910995,0.985197193772,0.00256405004297,0.50777008673,0.988981234668,0.498794249008;0.753071496191;0.73828246713;0.757615569589;0.621942737814;0.730734072856;0.812581660535;0.609485187331;0.51184808399;0.687470377224,0.986905094299;0.984695498479;0.987617572243;0.981046406123;0.985625573486;0.982666962601;0.986037229932;0.986796788327;0.988684957754;0.981895854478,False,False
Ridge,10,100,285,0.706392518334,0.0783141719839,0.0247651156539,0.9843647197,0.0025627591589,0.579091264151,0.98743254558,0.614052663313;0.732799838259;0.733805525296;0.797053057913;0.670677754854;0.654853092284;0.838963388484;0.635885952597;0.621636052238;0.764197858103,0.983879201219;0.985107474793;0.987692659234;0.980059781551;0.984499203037;0.984466862076;0.985583906876;0.986224871406;0.986257957365;0.979875279446,False,False
Ridge,17,0.01,1139,0.727625169863,0.218241868857,0.06901413864,0.983743955438,0.0054727098004,0.0998173139826,0.997833501285,0.838746103328;0.551579296136;0.508172063217;0.938749416865;0.51650458327;0.912265420016;1.08262454462;0.801034268938;0.443911058881;0.682664943361,0.977980297183;0.988790378842;0.991476969668;0.976514902922;0.988062474687;0.978361032789;0.981397023437;0.982647281296;0.990186790687;0.982022402874,False,False
Ridge,9,100,219,0.854016030275,0.120758602768,0.0381872231805,0.981159786735,0.00312610721855,0.692013610853,0.984982172178,0.696456984252;0.910496000945;0.918084047943;0.955107642155;0.793110457821;0.808420278113;1.06634084709;0.751008552171;0.708348560705;0.932786931553,0.981715830622;0.98149619591;0.98460195128;0.976105662179;0.981669521485;0.980824243134;0.981676829806;0.983730982986;0.984341068883;0.975435581067,False,False
Ridge,18,0.01,1329,0.925622889025,0.368650325115,0.116577468752,0.97922134235,0.00902481138607,0.0962565959435,0.997910911502,0.868454332697;0.619938706494;0.543471697153;1.30652459998;0.567513111625;1.40628242652;1.39784475828;1.07825191728;0.454450249108;1.01349709111,0.977200363447;0.987401126022;0.990884926397;0.967314113315;0.986883558529;0.966642932364;0.975980524914;0.976641945373;0.989953808702;0.973310124433,False,False
Ridge,6,10,83,0.954252179721,0.160832765902,0.0508597862636,0.978983101495,0.00379319659265,0.752313891673,0.983671845407,0.675583572803;1.13362001065;0.963010150726;1.10275851675;0.933260774075;1.0004935051;1.15909001212;0.925262904913;0.720054120596;0.929388229466,0.982263822816;0.976961697176;0.98384845347;0.972411816877;0.978430348006;0.976268259569;0.980083100427;0.979956129795;0.984082302838;0.975525083974,False,False
Ridge,19,0.01,1539,1.05424524386,0.442566305176,0.139951754,0.976093235026,0.0113952800544,0.0931807269902,0.997977740487,1.17475154;0.650859515017;0.551558375014;1.43885978017;0.634627979198;1.68864386809;1.50543350227;1.09541361497;0.480296323708;1.32200794015,0.969159105846;0.986772729431;0.990749297137;0.964003427313;0.985332390434;0.959945309236;0.974131803773;0.976270173372;0.989382448888;0.965185664833,False,False
Ridge,8,100,164,1.14513564296,0.179099819215,0.0566363357245,0.97475190716,0.00436279410117,0.936795803944,0.979667598661,0.883272944656;1.22415179281;1.1527981872;1.35042773295;1.12562369596;1.09636486126;1.48158720212;1.03545592239;0.937042325143;1.16463176513,0.976811328636;0.975121840263;0.980665340291;0.966215769794;0.973984429569;0.973994187696;0.974541560013;0.97756903038;0.979285507112;0.969330077841,False,False
Ridge,20,0.01,1770,1.41275581246,0.763993861283,0.241596072004,0.967649649474,0.0195667502497,0.0903350711003,0.998039642185,1.26484775594;0.731230595014;0.580171014581;2.02981457678;0.758292850784;2.64090011604;1.87764908458;1.55873450732;0.474331093418;2.21158653011,0.966793799;0.985139366169;0.990269407721;0.949219257526;0.982474230831;0.937357758207;0.967735941247;0.966233303008;0.989514317766;0.941759113261,False,False
Ridge,5,0.1,55,1.49354226685,0.267646315063,0.0846371962951,0.96716467918,0.00600801676382,1.2044056177,0.973876094444,1.07511330391;1.65465633038;1.66486666164;1.73613086191;1.31832640552;1.71423355698;1.85809191287;1.2804323739;1.18399669069;1.44957457069,0.9717749205;0.966372794013;0.972076959592;0.956566469071;0.969530657913;0.959338320934;0.968071996447;0.972262132015;0.973826271908;0.961826269403,False,False
Ridge,5,0.01,55,1.49429019663,0.265330414781,0.0839048443225,0.967142079633,0.00599624330472,1.20416589406,0.973881287708,1.07996720614;1.64964610332;1.66663226627;1.73732940077;1.31858343857;1.71340804862;1.85386299151;1.28223620985;1.18726847118;1.4539678301,0.971647490418;0.966474615723;0.97204734698;0.95653648471;0.969524717329;0.95935790202;0.968144662936;0.972223055712;0.973753945108;0.961710575389,False,False
OLS,5,,55,1.49440928536,0.265063579254,0.08382046352,0.967138731375,0.0059950343316,1.20416323958,0.973881345212,1.08056980995;1.64909344866;1.66686710957;1.73750318913;1.3186360907;1.71334436681;1.85340718208;1.28248197833;1.18766994125;1.45451973712,0.971631670187;0.966485847199;0.972043408203;0.956532136972;0.969523500426;0.959359412555;0.96815249521;0.972217731656;0.973745070109;0.961696041228,False,False
Ridge,5,1,55,1.50224548304,0.285790760984,0.0903749738943,0.967011829523,0.00616669297038,1.2169575751,0.97360407023,1.05638461379;1.70438759953;1.66504874455;1.74316304835;1.3260807159;1.73446282567;1.90520735537;1.28183976304;1.1696611466;1.43621901755,0.972266607065;0.965362116689;0.972073905709;0.956390541845;0.969351439219;0.958858481983;0.967262401396;0.972231643896;0.974143177045;0.96217798038,False,False
Ridge,19,1000,1539,1.52373732754,0.170780327022,0.0540054812939,0.966112534655,0.00664069484421,1.34346284856,0.970841009086,1.69166330362;1.29113481283;1.67559399044;1.70247437117;1.2699992252;1.46842282204;1.70711746188;1.43745817122;1.40954327621;1.5839658408,0.955588558844;0.973760559512;0.971897041498;0.957408467946;0.970647602384;0.96516896004;0.970666223769;0.968860499156;0.968840282465;0.958287150931,False,False
Ridge,20,1000,1770,1.52558787779,0.178201959332,0.0563524074994,0.966072694249,0.0067349090833,1.33313133905,0.971065618124,1.67812101076;1.28598439058;1.68220452463;1.72607158176;1.26522598544;1.4935799157;1.72091269807;1.4256765884;1.3871000462;1.59100203634,0.955944086295;0.973865230378;0.971786170029;0.9568181264;0.97075792216;0.964572232911;0.97042917718;0.96911572231;0.969336418142;0.958101856681,False,False
Ridge,18,1000,1329,1.59655784962,0.186167281566,0.0588712635552,0.964511459022,0.00692505077511,1.4070221632,0.969461574268,1.74982263109;1.32961251693;1.76266070712;1.79307034225;1.34581911351;1.53469963843;1.82339927622;1.49139463556;1.46737130369;1.6677283314,0.954061694991;0.972978585843;0.970436763925;0.955141989653;0.968895242646;0.963596871671;0.968668127681;0.967692079365;0.967561921571;0.956081312877,False,False
Ridge,17,1000,1139,1.60484855325,0.178566802971,0.0564677811882,0.964328698617,0.0068398936003,1.42554011579,0.969058822892,1.77476943898;1.34844695529;1.76072501449;1.77218933402;1.36607467915;1.5063724046;1.82767792764;1.51567587482;1.50111277977;1.67544112377,0.953406763429;0.972595817817;0.970469229242;0.955664378798;0.968427093213;0.964268794634;0.968594606669;0.967166077505;0.96681602403;0.955878200831,False,False
Ridge,7,100,119,1.61363308753,0.311225736347,0.0984182193319,0.96459981645,0.00615173102452,1.32480106179,0.971253680995,1.17831230656;1.79227390754;1.68207695338;1.8562157177;1.53958733058;1.68092252304;2.23544683406;1.37151490451;1.25815446531;1.54182593262,0.969065624611;0.963576023149;0.971788309646;0.953562254693;0.964416844833;0.960128459807;0.961587823526;0.970289021008;0.972186921525;0.9593968817,False,False
Ridge,16,1000,968,1.7215904356,0.200584561409,0.0634304077517,0.961751481743,0.00731947804181,1.52487124197,0.966902913183,1.8748350816;1.42690289159;1.87966376251;1.92399127189;1.49197345344;1.616228937;2.01193257926;1.59864019577;1.59275177989;1.79898440306,0.95077972802;0.971001375586;0.968474395936;0.951866684564;0.965517303342;0.961662993898;0.965428518312;0.965368830397;0.964790229287;0.952624758092,False,False
Ridge,15,1000,815,1.75885158409,0.194526267071,0.0615146068676,0.960939578303,0.00723091710137,1.56664988586,0.965995042184,1.92332548547;1.48087340646;1.90677080029;1.91936528456;1.55118660655;1.60659247816;2.06275358434;1.64902032942;1.65091599898;1.8377118667,0.949506703587;0.969904545031;0.968019758379;0.951982414875;0.964148760763;0.961891571034;0.964555249762;0.964277451012;0.963504436457;0.951604892131,False,False
Ridge,5,10,55,1.78551925702,0.40023668961,0.126565954233,0.960911751473,0.00790726105687,1.4646959168,0.968228964319,1.20780411653;2.14084794634;1.89853857749;2.08316686325;1.56931407937;2.0770439587;2.44105438872;1.49548276541;1.33520803346;1.60673184096,0.96829137256;0.956492031876;0.968157828709;0.947884520476;0.963729796106;0.950732445698;0.958054823522;0.96760351865;0.970483556003;0.957687621128,False,False
Ridge,14,1000,679,1.94173600329,0.22821086808,0.0721666129938,0.956893212263,0.00801281738292,1.72317859742,0.962597170793,2.08225984621;1.62419084482;2.07111162372;2.17200814654;1.74702018263;1.78665596441;2.34636945408;1.78208325337;1.79290307383;2.01275764332,0.945334180606;0.966991937178;0.96526344428;0.945661939961;0.959622628088;0.957620458933;0.959681815658;0.961394923287;0.960365634534;0.946995160107,False,False
Ridge,13,1000,559,2.05014760709,0.22598129524,0.0714615601555,0.954533680551,0.00789985732346,1.82364864577,0.960416092443,2.18208964119;1.76391456467;2.17755988252;2.21777584865;1.89549365236;1.85578883567;2.49977981245;1.88614346595;1.90614560803;2.11678475943,0.942713336934;0.964152363653;0.963478100684;0.944516949714;0.956191088735;0.955980624843;0.957045731601;0.95914067816;0.957862266643;0.944255664544,False,False
OLS,12,,454,2.21049830655,1.52487184811,0.482206817989,0.950986045686,0.0309045210035,0.0906481680693,0.998033254783,2.66069789951;0.741633156816;0.884362618762;2.48443521152;1.51108519114;1.06955978441;5.6441470332;2.52131868419;1.06062176342;3.52712172252,0.930148376486;0.98492795726;0.985167524999;0.937845817981;0.965075590219;0.974630005043;0.903015375459;0.945380946127;0.976553629025;0.907115234263,False,False
Ridge,12,1000,454,2.32908150579,0.281254427245,0.0889404592101,0.948364500502,0.00913011886427,2.06984414095,0.955071106241,2.41585253396;2.00497541812;2.41917210751;2.62776372961;2.17452939603;2.14601208414;2.92107887098;2.10891470121;2.11695244071;2.3555637756,0.936576331458;0.959253338505;0.959425795429;0.934260106927;0.949741976062;0.949096519385;0.949806456868;0.954314808992;0.953202117876;0.937967553522,False,False
Ridge,6,100,83,2.37469207521,0.481885392077,0.152385541013,0.947983277492,0.00941674955614,2.01255691987,0.95632863654,1.63599252788;2.54228483142;2.48305893134;2.90206388988;2.2977705585;2.42875390265;3.30361004275;2.18206045348;1.89972578259;2.0715998316,0.957050090448;0.948333720946;0.958354289582;0.927397822086;0.946893609282;0.942389873702;0.943233339291;0.952730260474;0.958004184916;0.945445584191,False,False
Ridge,11,1000,363,2.60491726628,0.291367176811,0.0921383914137,0.942345848536,0.00907012410606,2.31389167551,0.949776269549,2.64182699875;2.35224772027;2.70158543179;2.81214907292;2.51512321086;2.44067163077;3.29736594727;2.33457361678;2.36251576985;2.59111326353,0.930643796524;0.952195802131;0.954689176667;0.929647259654;0.941870124741;0.942107184781;0.943340632962;0.949426384318;0.947773633272;0.931764490308,False,False
Ridge,10,1000,285,3.03812329899,0.381207919464,0.12054852876,0.932795472273,0.010951518723,2.71304916842,0.941111229122,2.98368959388;2.75951260062;3.11093893391;3.46463523528;2.88944818015;2.90832006256;3.91672468272;2.73641634191;2.68293138062;2.92861597822,0.921668836498;0.943919050173;0.947823525115;0.91332373328;0.933218674316;0.931014547857;0.932698055074;0.940721308839;0.940690445339;0.922876546241,False,False
OLS,4,,34,3.30305662178,0.448442555588,0.14180998754,0.927246587983,0.0105591940449,2.92554553852,0.936526031319,2.60975753101;3.51501928952;3.43017442936;3.6688365243;3.3627711374;3.38843288969;4.1288970287;3.09555419897;2.69405369506;3.13706949378,0.931485720136;0.928565058781;0.942469327181;0.908215141988;0.922279168712;0.919626255047;0.929052250811;0.932941344297;0.940444572664;0.917387040212,False,False
Ridge,4,0.01,34,3.30310338827,0.448692054531,0.141888886034,0.927246206416,0.0105597141101,2.92554591911,0.936526023066,2.60934814564;3.51518361113;3.43049911007;3.6691527523;3.36259356515;3.38862022956;4.12940336051;3.0955067708;2.69398147677;3.13674486074,0.93149646778;0.92856171931;0.942463881656;0.908207230776;0.922283272786;0.919621811339;0.9290435504;0.932942371728;0.940446169139;0.91739558924,False,False
Ridge,4,0.1,34,3.30355934984,0.450932802373,0.142597472718,0.927241975045,0.010564615229,2.92558334663,0.936525211523,2.60571255413;3.51669330325;3.43344307624;3.67202947985;3.36103854656;3.39033354557;4.13398449896;3.09512376625;2.69337563979;3.13385908784,0.931591913403;0.928531038179;0.942414505638;0.908135262449;0.92231921259;0.919581171424;0.928964831687;0.932950668715;0.940459561924;0.917471584446,False,False
Ridge,4,1,34,3.31134214721,0.472878329081,0.149537257603,0.927126314706,0.0106336476335,2.92909030713,0.93644917036,2.57389189436;3.53462382894;3.46485803369;3.70357939695;3.34949179112;3.40996220142;4.18197631924;3.09533070099;2.69137250766;3.10833479774,0.93242730503;0.928166640165;0.94188761592;0.907345964631;0.922586082798;0.91911557903;0.928140177644;0.93294618591;0.940503843666;0.918143752262,False,False
Ridge,4,10,34,3.56357869227,0.653895588537,0.206779941171,0.921968875432,0.0122429851472,3.13715191293,0.931937959352,2.52404898342;3.86707061898;3.87039603258;4.15005216625;3.46914559353;3.73559441885;4.7574901098;3.31831115378;2.89122249505;3.05245535041,0.933735836995;0.921410399317;0.935085957751;0.896176363733;0.91982062758;0.911391571607;0.918250997123;0.928115784485;0.936085909671;0.919615306062,False,False
Ridge,9,1000,219,3.70316680789,0.450596354523,0.142491078566,0.918265645511,0.0115457147517,3.30589306565,0.928249344643,3.5369765586;3.60803201649;3.78147773106;3.99357487229;3.62732691748;3.74177361679;4.8065271257;3.26188059035;3.25726622378;3.41683242638,0.907143326946;0.926674782189;0.93657728999;0.900091023357;0.916164718959;0.911245000819;0.917408383253;0.929338233676;0.927994055107;0.910019640814,False,False
Ridge,5,100,55,3.95975366134,0.870291120615,0.275210216857,0.913551186033,0.0150234990603,3.4380870621,0.925416039135,2.94563217884;4.50760846962;4.08229139429;4.46701433461;3.82846723811;4.44179340691;5.72275306535;3.44228493398;3.22429063949;2.93540095223,0.922667962415;0.908392893597;0.931532061884;0.888246785126;0.911515936069;0.894640507266;0.901664670655;0.925430153898;0.928723021652;0.922697867768,False,False
Ridge,8,1000,164,4.47493520241,0.584856146711,0.184947752716,0.901350353764,0.0140686588478,4.03818387209,0.912357328187,4.09890293255;4.4231128088;4.63371113634;5.0589307818;4.22857878551;4.55520113507;5.80080733465;4.07182595439;3.8823774399;3.99590371513,0.892391005939;0.910110079782;0.922283684165;0.873438557313;0.902268502687;0.891950472044;0.900323446913;0.911792474883;0.914175189627;0.894770124286,False,False
Ridge,7,1000,119,5.99443757788,0.866186763336,0.273912305123,0.868276638727,0.0169647087676,5.43667573481,0.882011390665,5.42885061966;6.40996436147;6.23671771265;6.29391316534;5.74223869126;6.49075788695;7.89075105864;5.29614903439;5.21268553549;4.942347713,0.857475728579;0.869731745501;0.895398157272;0.842542472963;0.867284585746;0.846038999165;0.864411482503;0.885270096461;0.884767064886;0.869846054197,False,False
Ridge,4,100,34,6.38588568554,1.26821849777,0.401045902372,0.86071891997,0.0210431174172,5.75449554896,0.875180301891,4.5058216721;7.15049119361;7.013439292;7.29818539941;6.1931798916;6.76085821629;8.6332197817;6.11181083528;5.5952566907;4.59659388271,0.881708119092;0.854682186347;0.882371031108;0.817418163444;0.8568623704;0.839632210042;0.851653478518;0.867600503115;0.876309850883;0.878951286751,False,False
Ridge,20,10000,1770,6.49017519333,0.667859876977,0.211195836909,0.855873891095,0.0258903395411,6.01742015793,0.869365803492,7.41830233732;5.43749608952;6.92223955393;6.7752534199;5.91256613471;6.14899334309;7.55484083432;6.22984436336;6.17627418724;6.32594166988,0.8052464122;0.889494998025;0.88390062746;0.830500577221;0.863347954332;0.854145665927;0.870183502047;0.865043555566;0.863465732238;0.833409885936,False,False
Ridge,19,10000,1539,6.70018670467,0.621342510136,0.196485753911,0.851279745151,0.025344053525,6.23805777428,0.864574340202,7.60233908039;5.76667896127;7.11669672252;6.78407785764;6.25006577955;6.36350480316;7.75350712751;6.43286097837;6.43266928121;6.49946645504,0.800414873343;0.882805089049;0.880639203887;0.830279812474;0.855547615896;0.849057446699;0.866769775271;0.8606456286;0.857797797922;0.828840208367,False,False
Ridge,18,10000,1329,6.99255906385,0.677478081446,0.214237380221,0.844834385884,0.0264766973158,6.51889664714,0.858478910775,7.87094282406;6.01101937157;7.43691169083;7.24355506157;6.43995660797;6.6257555863;8.19050811907;6.67390314614;6.65982428546;6.77321394555,0.793363186798;0.87783941421;0.875268578295;0.818784874054;0.851158832825;0.842836849083;0.859260690756;0.855423958198;0.85277625237;0.821631222251,False,False
Ridge,17,10000,1139,7.31877818928,0.632156808751,0.199905535404,0.837693775576,0.0259655489591,6.84113266897,0.851481988818,8.14545520232;6.48915409857;7.7559176375;7.34900784482;6.89306412943;7.0234195235;8.52713709588;6.96312777553;7.01089485294;7.03060373229,0.786156380155;0.868122390403;0.86991823034;0.816146716514;0.840686549166;0.833404246784;0.853476320729;0.849158516343;0.845015398267;0.814853007059,False,False
Ridge,16,10000,968,7.67624922798,0.68814108631,0.217609318428,0.82984158129,0.0269521719834,7.19055662466,0.843897358406,8.43999940646;6.82093969959;8.16893920218;7.89030542069;7.11515735326;7.35193472623;9.03338677497;7.29060199205;7.29422301182;7.35700469251,0.778423675567;0.86137958675;0.862991058269;0.802604842731;0.835553499882;0.82561185485;0.844777320727;0.84206447782;0.838752074856;0.806257421448,False,False
Ridge,6,1000,83,7.68429815872,1.11472975517,0.352508500189,0.831532557182,0.0192066812247,7.05125477376,0.846981332696,6.4436110889;8.37028991831;8.36633903995;8.20172769211;7.24460536688;8.18488165402;9.8642095111;7.12330746436;6.85987390133;6.18413595021,0.830835099341;0.829892493028;0.859680280431;0.794813858103;0.8325616795;0.805854325009;0.83050111023;0.845688561074;0.848353905338;0.837144259765,False,False
Ridge,15,10000,815,8.19455465445,0.670799178987,0.212125325817,0.818522525995,0.0265432886939,7.68328944792,0.833198601285,8.8713962014;7.54332479831;8.70705265434;8.16527875416;7.72909433702;8.04158786357;9.63399532764;7.72646323788;7.79155985425;7.73579351593,0.767098163373;0.846698717937;0.853965852819;0.795725716827;0.821364103463;0.809253258658;0.834456931369;0.832622462808;0.827757821759;0.79628223094,False,False
Ridge,14,10000,679,8.66956623911,0.728166949768,0.230266607812,0.808152046311,0.0270569572287,8.14948304676,0.82307890727,9.19686715175;8.03548319652;9.30072840291;8.81624399995;8.04151728511;8.47816822128;10.2641114455;8.21048324311;8.19167375911;8.16038568578,0.758553535179;0.836696694235;0.844008759979;0.779440239876;0.814143341107;0.798897557523;0.823629507004;0.8221371898;0.818912803328;0.785100835078,False,False
OLS,13,,559,9.21037869379,7.47903475648,2.36507845301,0.790061741479,0.185747441259,0.0643406223441,0.998603366893,8.70897294925;4.9266676624;3.96274046352;27.272286806;4.02806962465;5.45614882367;15.2939592104;9.84947134523;2.07342748804;10.5320425648,0.771362280641;0.899876448497;0.933537162681;0.317717495567;0.906902698125;0.870579961812;0.737200522411;0.786631967867;0.954164291407;0.722644585778,False,False
Ridge,13,10000,559,9.50516214409,0.814403325688,0.257536944319,0.789994529422,0.0269021734531,8.93289267976,0.806069385849,9.89668299074;9.16142876016;10.2324739055;9.3662912165;8.8894496254;9.61369210861;11.3557403799;8.89864591035;8.92693970874;8.71027683505,0.740181185381;0.81381435746;0.828381582188;0.765679472576;0.794545811667;0.77196289177;0.804871806024;0.807229596393;0.802658829654;0.770619761104,False,False
Ridge,12,10000,454,10.2293106879,0.896208666417,0.283406064466,0.774304877225,0.0262483441058,9.63398476349,0.790852043587,10.2798877889;9.98114439846;11.214651395;10.2152268958;9.449203018;10.2593625849;12.2568301558;9.69569691565;9.60654947082;9.33455425521,0.730120863503;0.797155462127;0.81190856224;0.744441284321;0.781608713895;0.756647565814;0.789388181469;0.789963166698;0.787635205635;0.754179766545,False,False
Ridge,5,1000,55,10.850677728,1.91713744658,0.606252091878,0.763179309914,0.0268824599298,10.1023848768,0.780790835973,9.29589856253;12.5308082427;12.1571850454;10.5114936614;10.1478052471;11.9993831626;14.4887073338;9.79370856398;9.61707244553;7.96471501489,0.755953651583;0.745339221066;0.796100446304;0.737029451486;0.765462522624;0.715374217727;0.751037343184;0.787839950964;0.787402582114;0.790253712086,False,False
Ridge,3,1,19,11.004539945,1.53981363062,0.486931824494,0.758296348839,0.0295623875624,10.1280271814,0.780288550252,10.0431764598;12.3397046643;11.6533368736;10.3588762874;11.5369526815;12.1402545478;13.8360943889;9.69780712539;9.46853029112;8.9706661305,0.736335274634;0.749222975823;0.804550956597;0.740847545835;0.73335635513;0.712032743615;0.762251335494;0.789917453453;0.790686292271;0.763762555538,False,False
Ridge,3,0.1,19,11.0046362674,1.53154629045,0.484317461981,0.758245486508,0.0298108648211,10.1265257615,0.780321089387,10.0551046537;12.3285826912;11.6401021506;10.3493266984;11.5587614914;12.1645639418;13.8036187593;9.68393063087;9.4566943174;9.00567733911,0.736022122317;0.749449005164;0.80477292855;0.741086452001;0.732852306902;0.711456123949;0.762809371407;0.790218058452;0.790947941278;0.762840555061,False,False
Ridge,3,0.01,19,11.0047890344,1.53072776668,0.484058622038,0.758237112321,0.0298371433186,10.1265100898,0.780321429026,10.0564385683;12.3276115951;11.6388862524;10.3484893151;11.5611549834;12.1672370217;13.8004330425;9.68264334094;9.45560957669;9.00938664756,0.735987102896;0.749468740531;0.80479332152;0.741107401178;0.732796988183;0.711392718404;0.762864112283;0.790245944875;0.790971920828;0.76274287251,False,False
OLS,3,,19,11.0048076924,1.53063692222,0.484029894498,0.758236143198,0.0298400798427,10.1265099308,0.780321432472,10.0565884356;12.3275053594;11.6387524194;10.3483976676;11.5614234174;12.1675368617;13.800079821;9.68250149899;9.45549022076;9.00980122184,0.735983168413;0.749470899534;0.804795566159;0.741109693965;0.7327907841;0.711385606188;0.762870181765;0.790249017582;0.790974559341;0.76273195493,False,False
Ridge,3,10,19,11.097204549,1.62477350419,0.513798495513,0.756641468969,0.0280905615946,10.2307878191,0.778061371597,10.019119275;12.5408995601;11.8549740444;10.5248990187;11.4641729713;12.0653918267;14.1906859738;9.89683600914;9.64710742647;8.76795938406,0.736966850813;0.745134137507;0.801169110472;0.736694083909;0.735038449851;0.713808489938;0.756158310007;0.785605912277;0.786738621285;0.769100723635,False,False
Ridge,11,10000,363,11.5849833892,1.20828308361,0.382092660245,0.745030617355,0.0267699077656,10.9152162767,0.763040965029,11.4281734194;11.7631690669;12.8534483737;11.1839924445;10.664857691;12.0423911127;14.2074876674;10.8210776007;10.7479585418;10.1372779736,0.69997478207;0.760939778241;0.784422760937;0.720205260788;0.75351233508;0.714354067668;0.755869602797;0.765584166673;0.762402930157;0.733040489139,False,False
Ridge,3,100,19,12.7272741055,2.20606692935,0.697619616752,0.722270177997,0.0298701434823,11.8798496783,0.742310879629,10.8834285032;14.8876634827;14.1286979818;12.0807018852;12.5842919652;13.6643547285;16.8202590797;11.7156931781;11.3586333926;9.14901685805,0.714276036191;0.697441385616;0.763034353592;0.697771895838;0.709150104855;0.675881034789;0.710973774793;0.746204206209;0.748903198592;0.759065789491,False,False
Ridge,10,10000,285,12.8536299401,1.39483667168,0.441086084645,0.717706672562,0.0237371613452,12.1296194777,0.736690726945,11.9712749664;13.257583785;14.6738051498;12.4604081752;11.8181994169;13.111233371;15.7185413412;12.2717823427;12.0769874408;11.1764834121,0.685716671519;0.730569126261;0.753891849972;0.68827262061;0.726856141711;0.689001092455;0.729904833921;0.7341577068;0.733023083657;0.705673598713,False,False
Ridge,4,1000,34,14.8086375161,2.61366728866,0.826514167805,0.677701485348,0.0287002610375,13.9845788266,0.696598414618,11.274588469;17.0017380962;17.6314674298;14.284709173;14.2022671076;15.6679470091;19.0641292308;14.1932382976;13.896287235;10.8700031124,0.704006866334;0.654477525874;0.704286121621;0.642633299548;0.671755239747;0.628355756821;0.672416858602;0.692533414333;0.692805185663;0.713744584937,False,False
Ridge,9,10000,219,15.032138783,2.02030603265,0.638876863376,0.670892650155,0.026023592506,14.2425768718,0.690854420365,13.8365195438;16.0366278243;17.5067508648;14.0325460642;13.657415239;15.7638870436;19.0143973367;14.1470632977;13.9112839616;12.4148966546,0.636748180206;0.674091243427;0.706377860115;0.648941772271;0.684347931437;0.626080055895;0.673271412718;0.69353369836;0.69247366426;0.673060682865,False,False
Ridge,8,10000,164,17.3766652328,2.45248729955,0.77554457992,0.620477645164,0.0199917757538,16.5181053504,0.641506485423,14.8490673878;18.7616149214;20.9307368397;16.1951010456;15.987616173;17.6158341785;21.7623507113;16.8615208592;16.5212968668;14.2815133447,0.610165639286;0.618711947592;0.648950979671;0.594840206121;0.630492005399;0.582151806013;0.626052723212;0.634730697882;0.634776063724;0.623904382737,False,False
Ridge,20,100000,1770,20.438293759,1.98454435833,0.627568028996,0.550134453087,0.0445501055722,19.5880556138,0.574834007459,20.1208818513;19.7544350757;23.6699648179;19.0259597699;19.1215615026;19.6419393314;24.4968905404;20.3086819937;18.8835172421;19.3591054651,0.47176405705;0.598535088372;0.603008817885;0.524019398396;0.558059827804;0.53409252194;0.579064521618;0.560055219176;0.582556227063;0.490188851571,False,False
Ridge,7,10000,119,20.6881939863,3.3647853927,1.06403856786,0.54935004766,0.0250311192196,19.8486588406,0.569321343944,17.7302016357;22.781403207;25.4132227728;18.5556190955;18.8290967458;21.2447109498;26.7486858719;19.8710223152;19.3807966281;16.3271806411,0.534526873676;0.537018700347;0.573771003567;0.535786112921;0.564819313686;0.496074723899;0.540371425304;0.56953619344;0.571563244111;0.570032885649,False,False
Ridge,3,1000,19,20.7960367443,4.10613477674,1.29847382741,0.548851761664,0.0379728056989,20.0649536389,0.564823695085,16.6907342854;24.2391741215;25.5917679829;18.1381510452;19.7049688204;21.9539011649;28.0130226181;19.6846853999;18.9560571956;14.9879048089,0.561816135649;0.507392752091;0.570776454375;0.546230090314;0.544576037243;0.479252707551;0.518646047864;0.573572789878;0.580952640639;0.605301961037,False,False
Ridge,2,10,9,21.083097947,3.02281937212,0.955899417118,0.53907866676,0.0405353219763,20.2760774613,0.560262793812,16.4100182474;23.7080793081;24.218923662;20.027271805;21.8222526769;22.2681229704;25.0411237171;20.7883619477;20.4027815635;16.1440435721,0.569185807719;0.518186071743;0.593801714192;0.498969145446;0.495641080129;0.47179935549;0.569712842792;0.549663964229;0.548970988556;0.574855697304,False,False
Ridge,2,1,9,21.0849520471,2.97680893625,0.94134963977,0.538884142835,0.040762978589,20.2725285542,0.560339753364,16.4612038359;23.6800603144;24.1420694828;20.0566913074;21.8661854829;22.2695974088;24.9467389349;20.791586687;20.4280240776;16.2073629388,0.567842026278;0.518755495409;0.59509070772;0.498233145127;0.494625699044;0.471764381762;0.571334677341;0.549594107051;0.548412971201;0.573188217416,False,False
Ridge,2,0.1,9,21.0854675028,2.97215535845,0.939878049258,0.538857188816,0.0407871215558,20.2724922848,0.560340539886,16.4667152697;23.6775194737;24.1346747575;20.0599631325;21.8709514633;22.2699857067;24.9375140228;20.792261836;20.4309388779;16.2141504876,0.567697333942;0.518807132339;0.595214731594;0.498151292474;0.494515547047;0.471755171322;0.571493191043;0.549579481371;0.548348535894;0.573009471136,False,False
Ridge,2,0.01,9,21.085522429,2.97168946977,0.93973072232,0.5388544166,0.0407895501875,20.2724919213,0.560340547769,16.4672704284;23.6772680669;24.1339382756;20.0602936901;21.8714318713;22.2700270013;24.9365937351;20.7923329636;20.4312343553;16.2148339022,0.567682759293;0.518812241623;0.595227083823;0.498143022774;0.494504443791;0.471754191812;0.571509004549;0.549577940541;0.548342003996;0.572991473796,False,False
OLS,2,,9,21.0855285699,2.97163769837,0.939714350767,0.538854107712,0.0407898201973,20.2724919177,0.560340547848,16.4673321579;23.677240163;24.1338564779;20.0603304567;21.8714852928;22.2700316173;24.9364915057;20.7923409074;20.4312672311;16.2149098896,0.567681138701;0.518812808708;0.59522845573;0.498142102968;0.494503209104;0.471754082322;0.57151076118;0.549577768456;0.548341277237;0.572989472712,False,False
Ridge,2,100,9,21.3270868804,3.43565691974,1.08645011253,0.535037762158,0.0391938211423,20.5650657137,0.55399641149,16.2174869789;24.1932358668;25.2084879889;19.9985787862;21.6852418368;22.4466003042;26.1424117328;21.0363895077;20.4633953633;15.8790404386,0.574240354381;0.508326344842;0.577204802666;0.499686971013;0.4988076936;0.467565866982;0.550789167684;0.544290970032;0.547631044681;0.581834405699,False,False
Ridge,19,100000,1539,21.4543913869,2.24390982164,0.709586590041,0.528347622485,0.0432604368133,20.5702243957,0.553529714147,20.9353556029;21.0366618135;25.0424174812;19.8544898621;19.8853675924;20.9425164845;26.0625420521;21.1547953226;19.7311064427;19.8986612151,0.450381579217;0.572476684677;0.579990126923;0.503291705471;0.540406635894;0.503242787034;0.552161586041;0.541725957674;0.563819207403;0.475979954521,False,False
Ridge,18,100000,1329,22.3944659093,2.40127378148,0.759349443513,0.508180958946,0.039876353994,21.4788158053,0.533825609036,21.264069609;22.201718325;26.4389847487;20.6537368827;20.8367422773;21.6019676551;27.171914263;22.238832205;20.7842380101;20.7524551166,0.441751810687;0.548799504961;0.556566987317;0.483296599716;0.518418332689;0.487600582534;0.533098998422;0.518242583973;0.54053841658;0.453495772582,False,False
Ridge,17,100000,1139,23.6384741118,2.75818756945,0.872215493344,0.481573228188,0.0382588046702,22.70457835,0.507251579805,22.2643633317;23.7691176107;28.1734884101;21.6460047903;21.7642260412;23.112633189;29.1054537729;23.3058028453;21.8512347416;21.3924163849,0.415490978696;0.516945604138;0.527475999466;0.458472607585;0.496982199753;0.451767543993;0.499874562153;0.495128914429;0.51695111896;0.43664275271,False,False
Ridge,6,10000,83,24.6438732472,4.12346355895,1.3039536695,0.464042831006,0.0186929593434,23.813074104,0.483395879738,19.8245793658;27.1495217603;31.0970148802;22.1362958001;22.8306605144;24.214956966;31.3943693356;24.4283629494;23.7972455127;19.5657253876,0.479542922012;0.448246415932;0.478442794803;0.446206786956;0.472334618818;0.425620386003;0.46054362071;0.470811016342;0.4739321163;0.484747632185,False,False
Ridge,16,100000,968,24.900154025,2.99928401985,0.948456885248,0.454508118995,0.033538439421,23.9355862279,0.480565069751,22.7434498901;25.3259716573;30.0458465997;22.7033947595;23.0622199243;24.004388754;30.574072187;24.7635569761;23.3049113559;22.4737281464,0.402913461379;0.485306011823;0.496072924018;0.432019428889;0.466982785734;0.430615071249;0.474638967713;0.463549744408;0.484815778773;0.40816701596,False,False
Ridge,15,100000,815,26.3808748678,3.44039696215,1.08794904555,0.422867394175,0.0317342930276,25.4297793415,0.448191192276,23.9421891637;27.1753864766;32.149175329;23.8549626621;24.1918296433;25.6985031799;32.8592358531;26.0795850975;24.6194376758;23.2384435967,0.371442814356;0.447720773158;0.460796025;0.40321016041;0.440875089788;0.390430618667;0.435372495939;0.435040769594;0.455756529929;0.388028664905,False,False
Ridge,14,100000,679,28.0002143453,3.77480779254,1.19369903538,0.388097454446,0.0258363247981,27.0379748754,0.413340777229,24.6296961426;29.1420167814;34.5311549968;25.2148279845;25.8761089059;26.8418575449;34.7351503494;27.945702714;26.5106245519;24.5750034813,0.353393610548;0.40775339072;0.420845609723;0.369189825977;0.401947794688;0.363310213713;0.403138243;0.394615265566;0.413949478054;0.352831112469,False,False
Ridge,2,1000,9,28.430179581,5.3953534607,1.70616057175,0.383628041742,0.0320087885835,27.8771350806,0.395494605613,21.5298289442;31.8950307338;36.5600089297;25.2607186526;27.0300712654;27.8641696721;37.0065481703;28.4787816054;27.2456486418;21.430989195,0.434774798743;0.35180451145;0.386817797372;0.368041759438;0.375277257151;0.339060934813;0.364108312782;0.383067235215;0.397700850993;0.435626959462,False,False
Ridge,5,10000,55,28.9251020152,5.09670026147,1.61171813774,0.371656364186,0.0224460136469,28.2576310043,0.387142244322,23.6754644331;32.0041297123;36.8599563885;25.2042570478;26.7337755929;28.4326348744;37.5453048646;28.4937776933;27.5914839016;22.7102356438,0.378445170943;0.349587317609;0.381787097194;0.369454283639;0.382125283683;0.325576920619;0.354850737561;0.382742376584;0.390055729918;0.401938724106,False,False
Ridge,13,100000,559,29.6799546355,4.26570956309,1.34893580561,0.352180497443,0.0241563706024,28.7762092959,0.37570203506,26.00785938;31.2040599675;36.9275899941;26.4936905724;27.2150021023;28.6523736771;37.2822096541;29.4908452511;28.0473113316;25.4786044253,0.31721252452;0.365846953896;0.380652750554;0.337195971723;0.371003110089;0.320364708642;0.359371560648;0.361143009954;0.379979094312;0.329035290095,False,False
Ridge,12,100000,454,31.6153572474,4.67544220884,1.47850464484,0.310550479578,0.0178002423629,30.7387781428,0.333186527747,26.937152026;33.4969320537;39.7303980055;28.1395817744;29.23886857;30.016568723;39.5296093123;31.7071147816;30.303659651;27.0536875762,0.292815692374;0.319249433595;0.333644228394;0.296020005097;0.324227228572;0.288005955127;0.320753996158;0.313132202894;0.330099691897;0.287556361668,False,False
Ridge,11,100000,363,33.3895011544,5.16312189639,1.63272250297,0.272534421422,0.0166488659968,32.6161655163,0.292555394698,28.4249531523;35.620330764;42.238825135;29.473523171;30.7282838401;31.8287977114;42.1585550615;33.3844373156;31.9567251686;28.0805802249,0.253756269598;0.276096082345;0.291573044129;0.262648220644;0.289803657003;0.245019821049;0.275580240952;0.276796546309;0.293556610557;0.26051372163,False,False
Ridge,1,1,3,33.4131292867,5.61288243689,1.77494927393,0.272362079118,0.0477878677852,33.095795429,0.282484097142,27.6899036236;37.2689177176;40.6067923529;28.0381063472;33.6646245907;34.4194622693;43.5332223717;31.4651405121;30.1346902704;27.3104328114,0.273053613709;0.242592222928;0.318945396746;0.298558659412;0.221938543749;0.183569168427;0.251959029073;0.318374065315;0.333834971447;0.280795120377,False,False
Ridge,1,0.1,3,33.41328721,5.6109663841,1.77434336484,0.272349303296,0.04784512729,33.0957751766,0.282484536118,27.6945093681;37.269105892;40.6002584507;28.0380957324;33.6679713769;34.4242276396;43.530894067;31.4620469943;30.1316946643;27.3140679143,0.272932698541;0.242588398702;0.319054982948;0.298558924969;0.221861192365;0.183456133679;0.251999036848;0.318441079856;0.333901193066;0.280699391988,False,False
Ridge,1,0.01,3,33.4133048493,5.61077459941,1.7742827172,0.272347983339,0.0478508642064,33.0957749737,0.282484540518,27.6949726093;37.2691265255;40.5996061449;28.0380963697;33.6683081863;34.4247063945;43.530662716;31.461739085;30.1313965173;27.3144339448,0.272920537015;0.242587979373;0.31906592338;0.298558909025;0.221853407979;0.183444777596;0.252003012203;0.318447750061;0.333907783979;0.28068975278,False,False
OLS,1,,3,33.41330683,5.610753288,1.77427597793,0.272347836201,0.0478515017647,33.0957749716,0.282484540562,27.6950241105;37.2691288385;40.5995336787;28.0380964595;33.6683456334;34.4247596145;43.530637027;31.4617048891;30.1313634057;27.3144746431,0.272919184948;0.242587932367;0.319067138779;0.298558906776;0.221852542496;0.183443515216;0.252003453623;0.318448490843;0.333908515951;0.280688681012,False,False
Ridge,1,10,3,33.4133516845,5.6318647998,1.78095202415,0.272448490243,0.0472260068642,33.0977752964,0.282441182996,27.6464534622;37.268807055;40.6731786413;28.0398696658;33.6332406583;34.3739797628;43.5579449696;31.4974774845;30.1660200933;27.2765450524,0.274194316048;0.2425944719;0.317831970032;0.298514545715;0.222663893533;0.184648015048;0.251534215215;0.31767355298;0.333142386515;0.281687535441,False,False
Ridge,1,100,3,33.5576904442,5.8050994829,1.83573364098,0.270039644988,0.0424884678507,33.2576578815,0.278975733195,27.4226361474;37.4072356442;41.4112050203;28.1883121521;33.4882289756;34.0966298678;43.9158036336;31.927188402;30.5835996123;27.1360649867,0.280070219061;0.239781219022;0.30545383737;0.294800896323;0.226015423584;0.19122676412;0.245385050786;0.308364771864;0.323911268834;0.285386998917,False,False
Ridge,4,10000,34,34.099040027,5.9703122131,1.88797849357,0.259411945574,0.0164400642398,33.5705179083,0.272033301785,27.1699172466;37.3746093615;44.0146654978;29.9697065153;31.8150808039;32.2261275853;43.6070365059;34.3530437894;33.1932510409;27.2669619237,0.286704878907;0.240444275579;0.261788759686;0.250234988954;0.264685455372;0.235595142743;0.25069066451;0.255813729062;0.266221659188;0.281939901741,False,False
Ridge,10,100000,285,35.4908083059,5.59748777304,1.77008105377,0.22722210165,0.0111846613049,34.7866371738,0.245548087877,29.56823517;38.0324011668;45.2192523318;31.2955131371;32.9219169104;33.3136315267;44.6132954055;35.7685522944;34.3688532267;29.8064318891,0.223741548616;0.227076121643;0.241585504005;0.217066715654;0.239104106303;0.209799511763;0.233399895683;0.225149721462;0.24023350213;0.215064389246,False,False
Ridge,9,100000,219,37.1918943892,6.02227949717,1.90441199172,0.190650444122,0.0106937216759,36.6142888146,0.206006947641,31.0379750238;40.0054002662;47.5773968867;32.5711368981;34.4225069454;34.9750849739;47.07042683;37.405519883;35.9611720099;30.8923241753,0.18515629061;0.186979307634;0.202034849763;0.18515388852;0.204422262022;0.170389778719;0.191178463951;0.189688269695;0.205033303349;0.186468026954,False,False
Ridge,1,1000,3,37.3498855409,6.66227965123,2.10679781069,0.189033022325,0.0231395220772,37.128960382,0.195070531804,29.9672897564;41.0871230966;47.953933446;31.8161088893;35.8580398777;35.7220931181;48.5803134908;36.9696392643;35.4999719804;30.0443424889,0.213265120331;0.164995699454;0.195719601938;0.204042748279;0.171244026489;0.152670719789;0.165233748117;0.199130704379;0.215228706988;0.20879914748,False,False
Ridge,3,10000,19,38.0432155265,6.63927272558,2.09952238199,0.173653021596,0.0141660688608,37.7131472544,0.182345519474,30.8809865553;41.5671634235;49.1192363465;32.8817265706;35.6295251452;35.8049561611;48.8853578359;38.1669978968;36.7800554759;30.716149854,0.189277727846;0.155239948572;0.176175213954;0.177383733378;0.17652549057;0.150705205551;0.159992103791;0.173192453866;0.186930859866;0.191107478567,False,False
Ridge,8,100000,164,39.2173702104,6.41341743867,2.02810066916,0.146835932751,0.00759802593446,38.7309562179,0.160171249233,32.2824328648;42.24760392;50.3824980037;34.3688584247;36.5147379296;36.4177744919;49.4487085641;39.679082369;38.2273443315;32.6046612053,0.152485388511;0.141411510415;0.154987867777;0.140179517499;0.156066330354;0.13616913362;0.150311923856;0.140436331539;0.154936729078;0.141374594857,False,False
Ridge,7,100000,119,40.6580087661,6.72981930462,2.1281557244,0.115733717978,0.00720900141919,40.2867877351,0.126515153063,33.5710346598;43.8615774388;52.3265266024;35.4541983458;37.8403580065;37.7744220985;51.4721703924;41.0772822621;39.567877956;33.6346398988,0.118655569852;0.108611091996;0.12238274067;0.113027102858;0.125428415926;0.103989405622;0.115542332537;0.110147278525;0.125302556227;0.114250685566,False,False
Ridge,6,100000,83,42.3504734008,7.02300425528,2.22086894637,0.0789895175558,0.00654591859579,42.0605688119,0.088104760599,34.7379282542;45.6635076757;54.6130408011;36.9934969379;39.5525624571;38.9957157316;53.4585375526;42.9580330645;41.4045073368;35.1274041963,0.0880209712934;0.0719908717496;0.0840334663214;0.0745178093056;0.0858557100216;0.0750202785443;0.081410147088;0.0694047773732;0.0847015660429;0.0749395778185,False,False
Ridge,2,10000,9,42.4525486128,7.21672384299,2.28212845883,0.0773245461141,0.00844386673049,42.2492022137,0.0840745066222,34.4984107008;45.9304397042;54.9349568334;37.0438408851;39.7329774804;39.0718273034;53.8981350928;43.0823201977;41.432311563;34.9002663668,0.0943090545708;0.0665660725685;0.0786343105898;0.0732583331711;0.0816859330692;0.0732149094362;0.0738564455044;0.0667123586523;0.0840869188382;0.08092112474,False,False
Ridge,5,100000,55,43.3896830331,7.21692422995,2.28219182675,0.0564468882339,0.00595733474624,43.1770930246,0.0639490644045,35.7006918161;46.7874604584;55.9727788153;37.7821438184;40.542746543;39.9445888885;54.8704092084;43.9689297918;42.3631344024;35.9639465891,0.0627454231491;0.0491490338099;0.0612280246656;0.0547878918036;0.0629704385787;0.0525129745518;0.0571496447248;0.0475058309397;0.0635099154629;0.0529097046532,False,False
Ridge,1,10000,3,44.395184806,7.44160255678,2.35324135211,0.0347598695892,0.00626553011239,44.2746127349,0.0402093361682,36.3888343902;47.8995929744;57.3302641751;38.5517889956;41.6841768509;40.7518203497;56.2618407135;44.9785106434;43.29703125;36.8079877176,0.0446795329851;0.0265474164751;0.0384603643916;0.0355333480706;0.0365895435465;0.0333654164651;0.033240369984;0.0256353901775;0.0428649572922;0.0306823565045,False,False
Ridge,4,100000,34,44.5725952416,7.39311926767,2.33790958991,0.0306617079581,0.00648017682429,44.4102883098,0.037241620784,36.6099636246;47.9981902392;57.5323969079;38.8825205805;41.7014330971;40.8138909298;56.2431107397;45.2744468337;43.6116528337;37.05834663,0.0388742004699;0.0245436465843;0.0350702067316;0.027259294061;0.0361907148006;0.0318931001639;0.0335622112599;0.019224556504;0.0359098535753;0.0240892954303,False,False
Ridge,3,100000,19,45.1669020013,7.48306813899,2.36635392054,0.0177036515583,0.0062392643199,45.0405799059,0.0236004776165,37.1782211968;48.6197562426;58.2851350008;39.3369175315;42.2848918556;41.3415118149;57.0148409782;45.8528628276;44.1611937299;37.5936888352,0.02395566575;0.0119117014208;0.022445330116;0.0158914505072;0.0227057353358;0.0193779145815;0.0203014001942;0.00669439340813;0.0237615645585;0.00999135971078,False,False
Ridge,2,100000,9,45.8040211929,7.5597712193,2.39060956428,0.00375380056642,0.00691600547161,45.6972028833,0.00937659446743,37.7223160118;49.2489198955;59.1045611763;39.9404541516;42.8809205439;41.82155305;57.7322003925;46.5544820319;44.8253304785;38.2094741967,0.00967147881434;-0.000874649053216;0.00870196511426;0.000792515839934;0.00893023791508;0.00799131993563;0.00797485500613;-0.00850470750735;0.0090799908615;-0.00622500126212,False,False
Ridge,1,100000,3,46.0217144474,7.58408643312,2.39829871003,-0.00101931545127,0.00696791603359,45.9244471129,0.00445531823006,37.9351835025;49.4692072684;59.3711629211;40.1109279829;43.100061057;42.0097527242;57.9946317278;46.7675611657;45.0349936443;38.4236624803,0.00408304285602;-0.00535149945997;0.00423053718215;-0.003472301164;0.00386543209044;0.00352721717727;0.00346543943387;-0.0131206177287;0.00444512428;-0.0118655291798,False,False
OLS,14,,679,363.784843809,261.728392244,82.7657847826,-7.37203375565,6.40831391665,0.0312163750188,0.999322771894,561.763970519;67.4609289362;137.952642787;707.354024209;485.034052381;63.6628386101;425.944540345;728.032890362;82.788065838;377.854484102,-13.74805741;-0.37099318558;-1.31373317017;-16.6961792236;-10.2101740541;-0.510084726487;-6.31909907335;-14.7712977377;-0.830133767695;-8.95058520788,False,False
